#
# There is insufficient memory for the Java Runtime Environment to continue.
# Native memory allocation (malloc) failed to allocate 2005936 bytes. Error detail: Chunk::new
# Possible reasons:
#   The system is out of physical RAM or swap space
#   This process is running with CompressedOops enabled, and the Java Heap may be blocking the growth of the native heap
# Possible solutions:
#   Reduce memory load on the system
#   Increase physical memory or swap space
#   Check if swap backing store is full
#   Decrease Java heap size (-Xmx/-Xms)
#   Decrease number of Java threads
#   Decrease Java thread stack sizes (-Xss)
#   Set larger code cache with -XX:ReservedCodeCacheSize=
#   JVM is running with Zero Based Compressed Oops mode in which the Java heap is
#     placed in the first 32GB address space. The Java Heap base address is the
#     maximum limit for the native heap growth. Please use -XX:HeapBaseMinAddress
#     to set the Java Heap base and to place the Java Heap above 32GB virtual address.
# This output file may be truncated or incomplete.
#
#  Out of Memory Error (arena.cpp:168), pid=14152, tid=6728
#
# JRE version: OpenJDK Runtime Environment (21.0.10) (build 21.0.10+-14961533-b1163.108)
# Java VM: OpenJDK 64-Bit Server VM (21.0.10+-14961533-b1163.108, mixed mode, tiered, compressed oops, compressed class ptrs, g1 gc, windows-amd64)
# No core dump will be written. Minidumps are not enabled by default on client versions of Windows
#

---------------  S U M M A R Y ------------

Command Line: --add-opens=java.base/java.lang=ALL-UNNAMED --add-opens=java.base/java.lang.invoke=ALL-UNNAMED --add-opens=java.base/java.util=ALL-UNNAMED --add-opens=java.prefs/java.util.prefs=ALL-UNNAMED --add-exports=jdk.compiler/com.sun.tools.javac.api=ALL-UNNAMED --add-exports=jdk.compiler/com.sun.tools.javac.util=ALL-UNNAMED --add-opens=java.base/java.util=ALL-UNNAMED --add-opens=java.prefs/java.util.prefs=ALL-UNNAMED --add-opens=java.base/java.nio.charset=ALL-UNNAMED --add-opens=java.base/java.net=ALL-UNNAMED --add-opens=java.base/java.util.concurrent=ALL-UNNAMED --add-opens=java.base/java.util.concurrent.atomic=ALL-UNNAMED --add-opens=java.xml/javax.xml.namespace=ALL-UNNAMED --add-opens=java.base/java.time=ALL-UNNAMED -XX:MaxMetaspaceSize=4G -XX:ReservedCodeCacheSize=512m -XX:+HeapDumpOnOutOfMemoryError -Xmx8G -Dfile.encoding=UTF-8 -Duser.country=US -Duser.language=en -Duser.variant -javaagent:T:\gradle_cache\wrapper\dists\gradle-9.1.0-all\7wzd0jkjit61aq2p43wpjgij9\gradle-9.1.0\lib\agents\gradle-instrumentation-agent-9.1.0.jar org.gradle.launcher.daemon.bootstrap.GradleDaemon 9.1.0

Host: Intel(R) Core(TM) i3-10100T CPU @ 3.00GHz, 8 cores, 7G,  Windows 10 , 64 bit Build 19041 (10.0.19041.5915)
Time: Tue Aug 11 11:22:39 2026 SE Asia Standard Time elapsed time: 88.691388 seconds (0d 0h 1m 28s)

---------------  T H R E A D  ---------------

Current thread (0x000001a972080f20):  JavaThread "C2 CompilerThread1" daemon [_thread_in_native, id=6728, stack(0x00000078c8400000,0x00000078c8500000) (1024K)]


Current CompileTask:
C2:88691 24465       4       org.jetbrains.org.objectweb.asm.ClassReader::accept (1401 bytes)

Stack: [0x00000078c8400000,0x00000078c8500000]
Native frames: (J=compiled Java code, j=interpreted, Vv=VM code, C=native code)
V  [jvm.dll+0x6d78a9]
V  [jvm.dll+0x8665b3]
V  [jvm.dll+0x868bde]
V  [jvm.dll+0x8692c3]
V  [jvm.dll+0x280ee6]
V  [jvm.dll+0xc07cd]
V  [jvm.dll+0xc0d03]
V  [jvm.dll+0x3ba091]
V  [jvm.dll+0x385df7]
V  [jvm.dll+0x38526a]
V  [jvm.dll+0x249bd2]
V  [jvm.dll+0x2491a1]
V  [jvm.dll+0x1c76e4]
V  [jvm.dll+0x25891e]
V  [jvm.dll+0x256e66]
V  [jvm.dll+0x3f513e]
V  [jvm.dll+0x80fd28]
V  [jvm.dll+0x6d60fd]
C  [ucrtbase.dll+0x21bb2]
C  [KERNEL32.DLL+0x17374]
C  [ntdll.dll+0x4cc91]


---------------  P R O C E S S  ---------------

Threads class SMR info:
_java_thread_list=0x000001a9119b0250, length=127, elements={
0x000001a933908ea0, 0x000001a96a04b020, 0x000001a96a04c5a0, 0x000001a96a04d000,
0x000001a96a02c710, 0x000001a96a077a60, 0x000001a96a0907d0, 0x000001a96a091230,
0x000001a96a095790, 0x000001a96a07b600, 0x000001a96a373ab0, 0x000001a96c652930,
0x000001a96c46ab90, 0x000001a96b48de20, 0x000001a96d5d5230, 0x000001a96c97e790,
0x000001a96ba45890, 0x000001a96ce53110, 0x000001a96d598470, 0x000001a96d597de0,
0x000001a96d598b00, 0x000001a96d595d10, 0x000001a96d599190, 0x000001a96d5963a0,
0x000001a970156690, 0x000001a970159480, 0x000001a970155970, 0x000001a97015a830,
0x000001a97015c270, 0x000001a9701580d0, 0x000001a970159b10, 0x000001a970157a40,
0x000001a971356db0, 0x000001a971356720, 0x000001a9713532a0, 0x000001a971358160,
0x000001a9713587f0, 0x000001a971354650, 0x000001a971355370, 0x000001a96e855ed0,
0x000001a96e852a50, 0x000001a96e853770, 0x000001a96e8516a0, 0x000001a96e854b20,
0x000001a96e855840, 0x000001a96e8502f0, 0x000001a96e851010, 0x000001a96e8523c0,
0x000001a96e8530e0, 0x000001a96e84fc60, 0x000001a96e853e00, 0x000001a96e84f5d0,
0x000001a96e84ef40, 0x000001a96e854490, 0x000001a96e856560, 0x000001a96ee26cc0,
0x000001a96ee26630, 0x000001a96ee27350, 0x000001a96ee279e0, 0x000001a96ee28070,
0x000001a96ee231b0, 0x000001a96ee25910, 0x000001a96ee21e00, 0x000001a96ee25280,
0x000001a96ee28700, 0x000001a96ee29420, 0x000001a96ee22490, 0x000001a96ee25fa0,
0x000001a96ee22b20, 0x000001a96ee23840, 0x000001a96ee23ed0, 0x000001a96ee24560,
0x000001a973c2a810, 0x000001a973c29af0, 0x000001a970b6e150, 0x000001a970b708b0,
0x000001a970b70f40, 0x000001a970b71c60, 0x000001a970b736a0, 0x000001a970b6cda0,
0x000001a970b73010, 0x000001a970b743c0, 0x000001a970b6d430, 0x000001a970b78bf0,
0x000001a970b7b350, 0x000001a970b7b9e0, 0x000001a970b74a50, 0x000001a970b75e00,
0x000001a970b79280, 0x000001a970b77ed0, 0x000001a970b76490, 0x000001a970b750e0,
0x000001a970b771b0, 0x000001a970b76b20, 0x000001a970b77840, 0x000001a970b78560,
0x000001a970b79910, 0x000001a970b75770, 0x000001a970b79fa0, 0x000001a970b7acc0,
0x000001a9134ad350, 0x000001a9134a9840, 0x000001a9134ac630, 0x000001a9134aed90,
0x000001a9134a7e00, 0x000001a9134ae700, 0x000001a9134ab910, 0x000001a9134aabf0,
0x000001a9134abfa0, 0x000001a9134ad9e0, 0x000001a9134af420, 0x000001a9134a8490,
0x000001a9134a8b20, 0x000001a9134a91b0, 0x000001a9134a9ed0, 0x000001a9134aa560,
0x000001a9134ab280, 0x000001a9136b2520, 0x000001a9136af730, 0x000001a9136aea10,
0x000001a9136ad660, 0x000001a9136b1170, 0x000001a9136b1800, 0x000001a9136af0a0,
0x000001a9136adcf0, 0x000001a972080f20, 0x000001a9720815f0
}

Java Threads: ( => current thread )
  0x000001a933908ea0 JavaThread "main"                              [_thread_blocked, id=8684, stack(0x00000078bf800000,0x00000078bf900000) (1024K)]
  0x000001a96a04b020 JavaThread "Common-Cleaner"             daemon [_thread_blocked, id=8272, stack(0x00000078c0000000,0x00000078c0100000) (1024K)]
  0x000001a96a04c5a0 JavaThread "Reference Handler"          daemon [_thread_blocked, id=9072, stack(0x00000078c0100000,0x00000078c0200000) (1024K)]
  0x000001a96a04d000 JavaThread "Finalizer"                  daemon [_thread_blocked, id=15160, stack(0x00000078c0200000,0x00000078c0300000) (1024K)]
  0x000001a96a02c710 JavaThread "Signal Dispatcher"          daemon [_thread_blocked, id=15148, stack(0x00000078c0300000,0x00000078c0400000) (1024K)]
  0x000001a96a077a60 JavaThread "Attach Listener"            daemon [_thread_blocked, id=15088, stack(0x00000078c0400000,0x00000078c0500000) (1024K)]
  0x000001a96a0907d0 JavaThread "Service Thread"             daemon [_thread_blocked, id=11576, stack(0x00000078c0500000,0x00000078c0600000) (1024K)]
  0x000001a96a091230 JavaThread "Monitor Deflation Thread"   daemon [_thread_blocked, id=1676, stack(0x00000078c0600000,0x00000078c0700000) (1024K)]
  0x000001a96a095790 JavaThread "C2 CompilerThread0"         daemon [_thread_in_native, id=14380, stack(0x00000078c0700000,0x00000078c0800000) (1024K)]
  0x000001a96a07b600 JavaThread "C1 CompilerThread0"         daemon [_thread_blocked, id=6788, stack(0x00000078c0800000,0x00000078c0900000) (1024K)]
  0x000001a96a373ab0 JavaThread "Notification Thread"        daemon [_thread_blocked, id=1772, stack(0x00000078c0900000,0x00000078c0a00000) (1024K)]
  0x000001a96c652930 JavaThread "Daemon health stats"               [_thread_blocked, id=1236, stack(0x00000078c1000000,0x00000078c1100000) (1024K)]
  0x000001a96c46ab90 JavaThread "Incoming local TCP Connector on port 51044"        [_thread_in_native, id=1240, stack(0x00000078c1100000,0x00000078c1200000) (1024K)]
  0x000001a96b48de20 JavaThread "Daemon periodic checks"            [_thread_blocked, id=11824, stack(0x00000078c1200000,0x00000078c1300000) (1024K)]
  0x000001a96d5d5230 JavaThread "Daemon"                            [_thread_blocked, id=10344, stack(0x00000078c1300000,0x00000078c1400000) (1024K)]
  0x000001a96c97e790 JavaThread "Handler for socket connection from /127.0.0.1:51044 to /127.0.0.1:51045"        [_thread_in_native, id=2380, stack(0x00000078c1400000,0x00000078c1500000) (1024K)]
  0x000001a96ba45890 JavaThread "Cancel handler"                    [_thread_blocked, id=2132, stack(0x00000078c1500000,0x00000078c1600000) (1024K)]
  0x000001a96ce53110 JavaThread "Daemon worker"                     [_thread_blocked, id=6892, stack(0x00000078c1600000,0x00000078c1700000) (1024K)]
  0x000001a96d598470 JavaThread "Asynchronous log dispatcher for DefaultDaemonConnection: socket connection from /127.0.0.1:51044 to /127.0.0.1:51045"        [_thread_blocked, id=15216, stack(0x00000078c1700000,0x00000078c1800000) (1024K)]
  0x000001a96d597de0 JavaThread "Stdin handler"                     [_thread_blocked, id=6328, stack(0x00000078c1800000,0x00000078c1900000) (1024K)]
  0x000001a96d598b00 JavaThread "Daemon client event forwarder"        [_thread_blocked, id=1196, stack(0x00000078c1900000,0x00000078c1a00000) (1024K)]
  0x000001a96d595d10 JavaThread "Cache worker for journal cache (T:\gradle_cache\caches\journal-1)"        [_thread_blocked, id=7348, stack(0x00000078c0b00000,0x00000078c0c00000) (1024K)]
  0x000001a96d599190 JavaThread "File lock request listener"        [_thread_in_native, id=8232, stack(0x00000078c1e00000,0x00000078c1f00000) (1024K)]
  0x000001a96d5963a0 JavaThread "Cache worker for file hash cache (T:\gradle_cache\caches\9.1.0\fileHashes)"        [_thread_blocked, id=14468, stack(0x00000078c1f00000,0x00000078c2000000) (1024K)]
  0x000001a970156690 JavaThread "Cache worker for file hash cache (M:\kritsada2sub\coding\android\trexy_app\android\.gradle\9.1.0\fileHashes)"        [_thread_blocked, id=12472, stack(0x00000078c2100000,0x00000078c2200000) (1024K)]
  0x000001a970159480 JavaThread "Cache worker for Build Output Cleanup Cache (M:\kritsada2sub\coding\android\trexy_app\android\.gradle\buildOutputCleanup)"        [_thread_blocked, id=9836, stack(0x00000078c2200000,0x00000078c2300000) (1024K)]
  0x000001a970155970 JavaThread "File watcher server"        daemon [_thread_in_native, id=4488, stack(0x00000078c2300000,0x00000078c2400000) (1024K)]
  0x000001a97015a830 JavaThread "File watcher consumer"      daemon [_thread_blocked, id=12004, stack(0x00000078c2400000,0x00000078c2500000) (1024K)]
  0x000001a97015c270 JavaThread "Cache worker for checksums cache (M:\kritsada2sub\coding\android\trexy_app\android\.gradle\9.1.0\checksums)"        [_thread_blocked, id=1144, stack(0x00000078c2500000,0x00000078c2600000) (1024K)]
  0x000001a9701580d0 JavaThread "Cache worker for file content cache (T:\gradle_cache\caches\9.1.0\fileContent)"        [_thread_blocked, id=14372, stack(0x00000078c2600000,0x00000078c2700000) (1024K)]
  0x000001a970159b10 JavaThread "Cache worker for cache directory md-supplier (T:\gradle_cache\caches\9.1.0\md-supplier)"        [_thread_blocked, id=5048, stack(0x00000078c2700000,0x00000078c2800000) (1024K)]
  0x000001a970157a40 JavaThread "Cache worker for cache directory md-rule (T:\gradle_cache\caches\9.1.0\md-rule)"        [_thread_blocked, id=8268, stack(0x00000078c2800000,0x00000078c2900000) (1024K)]
  0x000001a971356db0 JavaThread "Cache worker for Build Output Cleanup Cache (M:\kritsada2sub\programs\flutter_windows_3.44.0-stable\flutter\packages\flutter_tools\gradle\.gradle\buildOutputCleanup)"        [_thread_blocked, id=12316, stack(0x00000078c2000000,0x00000078c2100000) (1024K)]
  0x000001a971356720 JavaThread "Kotlin DSL Writer"                 [_thread_blocked, id=1752, stack(0x00000078c2a00000,0x00000078c2b00000) (1024K)]
  0x000001a9713532a0 JavaThread "Unconstrained build operations"        [_thread_blocked, id=11748, stack(0x00000078c0a00000,0x00000078c0b00000) (1024K)]
  0x000001a971358160 JavaThread "Unconstrained build operations Thread 2"        [_thread_blocked, id=4968, stack(0x00000078c2900000,0x00000078c2a00000) (1024K)]
  0x000001a9713587f0 JavaThread "Unconstrained build operations Thread 3"        [_thread_blocked, id=5028, stack(0x00000078c2c00000,0x00000078c2d00000) (1024K)]
  0x000001a971354650 JavaThread "Unconstrained build operations Thread 4"        [_thread_blocked, id=15284, stack(0x00000078c2d00000,0x00000078c2e00000) (1024K)]
  0x000001a971355370 JavaThread "Unconstrained build operations Thread 5"        [_thread_blocked, id=14484, stack(0x00000078c2e00000,0x00000078c2f00000) (1024K)]
  0x000001a96e855ed0 JavaThread "Unconstrained build operations Thread 6"        [_thread_in_native, id=1968, stack(0x00000078c2f00000,0x00000078c3000000) (1024K)]
  0x000001a96e852a50 JavaThread "Unconstrained build operations Thread 7"        [_thread_blocked, id=5744, stack(0x00000078c3000000,0x00000078c3100000) (1024K)]
  0x000001a96e853770 JavaThread "Unconstrained build operations Thread 8"        [_thread_in_Java, id=1048, stack(0x00000078c3100000,0x00000078c3200000) (1024K)]
  0x000001a96e8516a0 JavaThread "Unconstrained build operations Thread 9"        [_thread_blocked, id=14888, stack(0x00000078c3200000,0x00000078c3300000) (1024K)]
  0x000001a96e854b20 JavaThread "Unconstrained build operations Thread 10"        [_thread_blocked, id=9368, stack(0x00000078c3300000,0x00000078c3400000) (1024K)]
  0x000001a96e855840 JavaThread "Unconstrained build operations Thread 11"        [_thread_in_Java, id=14640, stack(0x00000078bf500000,0x00000078bf600000) (1024K)]
  0x000001a96e8502f0 JavaThread "Unconstrained build operations Thread 12"        [_thread_in_Java, id=14820, stack(0x00000078c3400000,0x00000078c3500000) (1024K)]
  0x000001a96e851010 JavaThread "Unconstrained build operations Thread 13"        [_thread_blocked, id=15220, stack(0x00000078c3500000,0x00000078c3600000) (1024K)]
  0x000001a96e8523c0 JavaThread "Unconstrained build operations Thread 14"        [_thread_blocked, id=14924, stack(0x00000078c3600000,0x00000078c3700000) (1024K)]
  0x000001a96e8530e0 JavaThread "Unconstrained build operations Thread 15"        [_thread_in_Java, id=14464, stack(0x00000078c3700000,0x00000078c3800000) (1024K)]
  0x000001a96e84fc60 JavaThread "Unconstrained build operations Thread 16"        [_thread_blocked, id=14868, stack(0x00000078c3800000,0x00000078c3900000) (1024K)]
  0x000001a96e853e00 JavaThread "Unconstrained build operations Thread 17"        [_thread_blocked, id=5176, stack(0x00000078c3900000,0x00000078c3a00000) (1024K)]
  0x000001a96e84f5d0 JavaThread "Unconstrained build operations Thread 18"        [_thread_blocked, id=5500, stack(0x00000078c3a00000,0x00000078c3b00000) (1024K)]
  0x000001a96e84ef40 JavaThread "Unconstrained build operations Thread 19"        [_thread_blocked, id=5616, stack(0x00000078c3b00000,0x00000078c3c00000) (1024K)]
  0x000001a96e854490 JavaThread "Unconstrained build operations Thread 20"        [_thread_blocked, id=6868, stack(0x00000078c3c00000,0x00000078c3d00000) (1024K)]
  0x000001a96e856560 JavaThread "Unconstrained build operations Thread 21"        [_thread_blocked, id=14256, stack(0x00000078c3d00000,0x00000078c3e00000) (1024K)]
  0x000001a96ee26cc0 JavaThread "Unconstrained build operations Thread 22"        [_thread_blocked, id=15124, stack(0x00000078c3e00000,0x00000078c3f00000) (1024K)]
  0x000001a96ee26630 JavaThread "Unconstrained build operations Thread 23"        [_thread_blocked, id=3808, stack(0x00000078c3f00000,0x00000078c4000000) (1024K)]
  0x000001a96ee27350 JavaThread "Unconstrained build operations Thread 24"        [_thread_blocked, id=5856, stack(0x00000078c4000000,0x00000078c4100000) (1024K)]
  0x000001a96ee279e0 JavaThread "Unconstrained build operations Thread 25"        [_thread_blocked, id=2368, stack(0x00000078c4100000,0x00000078c4200000) (1024K)]
  0x000001a96ee28070 JavaThread "Unconstrained build operations Thread 26"        [_thread_blocked, id=12380, stack(0x00000078c4200000,0x00000078c4300000) (1024K)]
  0x000001a96ee231b0 JavaThread "Unconstrained build operations Thread 27"        [_thread_blocked, id=14660, stack(0x00000078c4300000,0x00000078c4400000) (1024K)]
  0x000001a96ee25910 JavaThread "Unconstrained build operations Thread 28"        [_thread_blocked, id=14848, stack(0x00000078c4400000,0x00000078c4500000) (1024K)]
  0x000001a96ee21e00 JavaThread "Unconstrained build operations Thread 29"        [_thread_blocked, id=11316, stack(0x00000078c4500000,0x00000078c4600000) (1024K)]
  0x000001a96ee25280 JavaThread "Unconstrained build operations Thread 30"        [_thread_blocked, id=9648, stack(0x00000078c4600000,0x00000078c4700000) (1024K)]
  0x000001a96ee28700 JavaThread "Unconstrained build operations Thread 31"        [_thread_blocked, id=9644, stack(0x00000078c4700000,0x00000078c4800000) (1024K)]
  0x000001a96ee29420 JavaThread "Unconstrained build operations Thread 32"        [_thread_blocked, id=3196, stack(0x00000078c4a00000,0x00000078c4b00000) (1024K)]
  0x000001a96ee22490 JavaThread "Unconstrained build operations Thread 33"        [_thread_blocked, id=13508, stack(0x00000078c4b00000,0x00000078c4c00000) (1024K)]
  0x000001a96ee25fa0 JavaThread "Unconstrained build operations Thread 34"        [_thread_blocked, id=12140, stack(0x00000078c4c00000,0x00000078c4d00000) (1024K)]
  0x000001a96ee22b20 JavaThread "Unconstrained build operations Thread 35"        [_thread_blocked, id=5124, stack(0x00000078c4d00000,0x00000078c4e00000) (1024K)]
  0x000001a96ee23840 JavaThread "Unconstrained build operations Thread 36"        [_thread_blocked, id=2504, stack(0x00000078c4e00000,0x00000078c4f00000) (1024K)]
  0x000001a96ee23ed0 JavaThread "Unconstrained build operations Thread 37"        [_thread_blocked, id=14476, stack(0x00000078c4f00000,0x00000078c5000000) (1024K)]
  0x000001a96ee24560 JavaThread "Unconstrained build operations Thread 38"        [_thread_blocked, id=5620, stack(0x00000078c5000000,0x00000078c5100000) (1024K)]
  0x000001a973c2a810 JavaThread "Memory manager"                    [_thread_blocked, id=5636, stack(0x00000078c4900000,0x00000078c4a00000) (1024K)]
  0x000001a973c29af0 JavaThread "build event listener"              [_thread_blocked, id=4268, stack(0x00000078c5100000,0x00000078c5200000) (1024K)]
  0x000001a970b6e150 JavaThread "included builds"                   [_thread_blocked, id=8576, stack(0x00000078bf700000,0x00000078bf800000) (1024K)]
  0x000001a970b708b0 JavaThread "Execution worker"                  [_thread_blocked, id=14736, stack(0x00000078c4800000,0x00000078c4900000) (1024K)]
  0x000001a970b70f40 JavaThread "Execution worker Thread 2"         [_thread_blocked, id=7032, stack(0x00000078c5200000,0x00000078c5300000) (1024K)]
  0x000001a970b71c60 JavaThread "Execution worker Thread 3"         [_thread_blocked, id=9564, stack(0x00000078c5500000,0x00000078c5600000) (1024K)]
  0x000001a970b736a0 JavaThread "Execution worker Thread 4"         [_thread_blocked, id=15140, stack(0x00000078c5600000,0x00000078c5700000) (1024K)]
  0x000001a970b6cda0 JavaThread "Execution worker Thread 5"         [_thread_blocked, id=15180, stack(0x00000078c5700000,0x00000078c5800000) (1024K)]
  0x000001a970b73010 JavaThread "Execution worker Thread 6"         [_thread_blocked, id=4512, stack(0x00000078c5800000,0x00000078c5900000) (1024K)]
  0x000001a970b743c0 JavaThread "Execution worker Thread 7"         [_thread_blocked, id=13376, stack(0x00000078c5900000,0x00000078c5a00000) (1024K)]
  0x000001a970b6d430 JavaThread "Cache worker for execution history cache (M:\kritsada2sub\programs\flutter_windows_3.44.0-stable\flutter\packages\flutter_tools\gradle\.gradle\9.1.0\executionHistory)"        [_thread_blocked, id=15092, stack(0x00000078c5a00000,0x00000078c5b00000) (1024K)]
  0x000001a970b78bf0 JavaThread "Unconstrained build operations Thread 39"        [_thread_blocked, id=7820, stack(0x00000078c5b00000,0x00000078c5c00000) (1024K)]
  0x000001a970b7b350 JavaThread "Unconstrained build operations Thread 40"        [_thread_blocked, id=7604, stack(0x00000078c5c00000,0x00000078c5d00000) (1024K)]
  0x000001a970b7b9e0 JavaThread "Unconstrained build operations Thread 41"        [_thread_blocked, id=7756, stack(0x00000078c5d00000,0x00000078c5e00000) (1024K)]
  0x000001a970b74a50 JavaThread "Unconstrained build operations Thread 42"        [_thread_blocked, id=2308, stack(0x00000078c5e00000,0x00000078c5f00000) (1024K)]
  0x000001a970b75e00 JavaThread "Unconstrained build operations Thread 43"        [_thread_blocked, id=11876, stack(0x00000078c5f00000,0x00000078c6000000) (1024K)]
  0x000001a970b79280 JavaThread "Unconstrained build operations Thread 44"        [_thread_blocked, id=14912, stack(0x00000078c6000000,0x00000078c6100000) (1024K)]
  0x000001a970b77ed0 JavaThread "Unconstrained build operations Thread 45"        [_thread_blocked, id=1040, stack(0x00000078bf600000,0x00000078bf700000) (1024K)]
  0x000001a970b76490 JavaThread "Unconstrained build operations Thread 46"        [_thread_blocked, id=13688, stack(0x00000078c6100000,0x00000078c6200000) (1024K)]
  0x000001a970b750e0 JavaThread "Unconstrained build operations Thread 47"        [_thread_blocked, id=14708, stack(0x00000078c6200000,0x00000078c6300000) (1024K)]
  0x000001a970b771b0 JavaThread "Unconstrained build operations Thread 48"        [_thread_blocked, id=5556, stack(0x00000078c6300000,0x00000078c6400000) (1024K)]
  0x000001a970b76b20 JavaThread "Unconstrained build operations Thread 49"        [_thread_blocked, id=9128, stack(0x00000078c6400000,0x00000078c6500000) (1024K)]
  0x000001a970b77840 JavaThread "Unconstrained build operations Thread 50"        [_thread_blocked, id=8016, stack(0x00000078c6500000,0x00000078c6600000) (1024K)]
  0x000001a970b78560 JavaThread "Unconstrained build operations Thread 51"        [_thread_blocked, id=3048, stack(0x00000078c6600000,0x00000078c6700000) (1024K)]
  0x000001a970b79910 JavaThread "Unconstrained build operations Thread 52"        [_thread_blocked, id=15204, stack(0x00000078c6700000,0x00000078c6800000) (1024K)]
  0x000001a970b75770 JavaThread "Unconstrained build operations Thread 53"        [_thread_blocked, id=14388, stack(0x00000078c6800000,0x00000078c6900000) (1024K)]
  0x000001a970b79fa0 JavaThread "Unconstrained build operations Thread 54"        [_thread_blocked, id=10696, stack(0x00000078c6900000,0x00000078c6a00000) (1024K)]
  0x000001a970b7acc0 JavaThread "Unconstrained build operations Thread 55"        [_thread_blocked, id=7200, stack(0x00000078c6a00000,0x00000078c6b00000) (1024K)]
  0x000001a9134ad350 JavaThread "Unconstrained build operations Thread 56"        [_thread_blocked, id=6300, stack(0x00000078c6b00000,0x00000078c6c00000) (1024K)]
  0x000001a9134a9840 JavaThread "Unconstrained build operations Thread 57"        [_thread_blocked, id=11432, stack(0x00000078c6c00000,0x00000078c6d00000) (1024K)]
  0x000001a9134ac630 JavaThread "Unconstrained build operations Thread 58"        [_thread_blocked, id=4272, stack(0x00000078c6d00000,0x00000078c6e00000) (1024K)]
  0x000001a9134aed90 JavaThread "Unconstrained build operations Thread 59"        [_thread_blocked, id=5528, stack(0x00000078c6e00000,0x00000078c6f00000) (1024K)]
  0x000001a9134a7e00 JavaThread "Unconstrained build operations Thread 60"        [_thread_blocked, id=10952, stack(0x00000078c6f00000,0x00000078c7000000) (1024K)]
  0x000001a9134ae700 JavaThread "Unconstrained build operations Thread 61"        [_thread_blocked, id=14780, stack(0x00000078c7000000,0x00000078c7100000) (1024K)]
  0x000001a9134ab910 JavaThread "Unconstrained build operations Thread 62"        [_thread_blocked, id=3600, stack(0x00000078c7100000,0x00000078c7200000) (1024K)]
  0x000001a9134aabf0 JavaThread "Unconstrained build operations Thread 63"        [_thread_blocked, id=8676, stack(0x00000078c7200000,0x00000078c7300000) (1024K)]
  0x000001a9134abfa0 JavaThread "Unconstrained build operations Thread 64"        [_thread_blocked, id=2924, stack(0x00000078c7300000,0x00000078c7400000) (1024K)]
  0x000001a9134ad9e0 JavaThread "Unconstrained build operations Thread 65"        [_thread_blocked, id=9596, stack(0x00000078c7400000,0x00000078c7500000) (1024K)]
  0x000001a9134af420 JavaThread "Unconstrained build operations Thread 66"        [_thread_blocked, id=15168, stack(0x00000078c7500000,0x00000078c7600000) (1024K)]
  0x000001a9134a8490 JavaThread "Unconstrained build operations Thread 67"        [_thread_blocked, id=14412, stack(0x00000078c7600000,0x00000078c7700000) (1024K)]
  0x000001a9134a8b20 JavaThread "Unconstrained build operations Thread 68"        [_thread_blocked, id=9844, stack(0x00000078c7700000,0x00000078c7800000) (1024K)]
  0x000001a9134a91b0 JavaThread "Unconstrained build operations Thread 69"        [_thread_blocked, id=14524, stack(0x00000078c7800000,0x00000078c7900000) (1024K)]
  0x000001a9134a9ed0 JavaThread "Unconstrained build operations Thread 70"        [_thread_blocked, id=13488, stack(0x00000078c7900000,0x00000078c7a00000) (1024K)]
  0x000001a9134aa560 JavaThread "Unconstrained build operations Thread 71"        [_thread_blocked, id=9784, stack(0x00000078c7a00000,0x00000078c7b00000) (1024K)]
  0x000001a9134ab280 JavaThread "Unconstrained build operations Thread 72"        [_thread_blocked, id=10572, stack(0x00000078c7b00000,0x00000078c7c00000) (1024K)]
  0x000001a9136b2520 JavaThread "Unconstrained build operations Thread 73"        [_thread_blocked, id=3580, stack(0x00000078c7c00000,0x00000078c7d00000) (1024K)]
  0x000001a9136af730 JavaThread "Unconstrained build operations Thread 74"        [_thread_blocked, id=11232, stack(0x00000078c7d00000,0x00000078c7e00000) (1024K)]
  0x000001a9136aea10 JavaThread "Unconstrained build operations Thread 75"        [_thread_blocked, id=4948, stack(0x00000078c7e00000,0x00000078c7f00000) (1024K)]
  0x000001a9136ad660 JavaThread "Unconstrained build operations Thread 76"        [_thread_blocked, id=4944, stack(0x00000078c7f00000,0x00000078c8000000) (1024K)]
  0x000001a9136b1170 JavaThread "Unconstrained build operations Thread 77"        [_thread_blocked, id=9800, stack(0x00000078c8000000,0x00000078c8100000) (1024K)]
  0x000001a9136b1800 JavaThread "Unconstrained build operations Thread 78"        [_thread_blocked, id=8996, stack(0x00000078c8100000,0x00000078c8200000) (1024K)]
  0x000001a9136af0a0 JavaThread "Unconstrained build operations Thread 79"        [_thread_blocked, id=7428, stack(0x00000078c8200000,0x00000078c8300000) (1024K)]
  0x000001a9136adcf0 JavaThread "Unconstrained build operations Thread 80"        [_thread_blocked, id=11820, stack(0x00000078c8300000,0x00000078c8400000) (1024K)]
=>0x000001a972080f20 JavaThread "C2 CompilerThread1"         daemon [_thread_in_native, id=6728, stack(0x00000078c8400000,0x00000078c8500000) (1024K)]
  0x000001a9720815f0 JavaThread "C2 CompilerThread2"         daemon [_thread_in_native, id=2740, stack(0x00000078c8500000,0x00000078c8600000) (1024K)]
Total: 127

Other Threads:
  0x000001a96a008b60 VMThread "VM Thread"                           [id=8716, stack(0x00000078bff00000,0x00000078c0000000) (1024K)]
  0x000001a9656b27a0 WatcherThread "VM Periodic Task Thread"        [id=13400, stack(0x00000078bfe00000,0x00000078bff00000) (1024K)]
  0x000001a935bf0110 WorkerThread "GC Thread#0"                     [id=11352, stack(0x00000078bf900000,0x00000078bfa00000) (1024K)]
  0x000001a96a70cca0 WorkerThread "GC Thread#1"                     [id=14396, stack(0x00000078c0c00000,0x00000078c0d00000) (1024K)]
  0x000001a96a6ce580 WorkerThread "GC Thread#2"                     [id=8620, stack(0x00000078c0d00000,0x00000078c0e00000) (1024K)]
  0x000001a96abeafb0 WorkerThread "GC Thread#3"                     [id=13572, stack(0x00000078c0e00000,0x00000078c0f00000) (1024K)]
  0x000001a96abeb360 WorkerThread "GC Thread#4"                     [id=14436, stack(0x00000078c0f00000,0x00000078c1000000) (1024K)]
  0x000001a96c65e980 WorkerThread "GC Thread#5"                     [id=2828, stack(0x00000078c1a00000,0x00000078c1b00000) (1024K)]
  0x000001a96b6e7480 WorkerThread "GC Thread#6"                     [id=8988, stack(0x00000078c1b00000,0x00000078c1c00000) (1024K)]
  0x000001a96d5de040 WorkerThread "GC Thread#7"                     [id=10712, stack(0x00000078c1c00000,0x00000078c1d00000) (1024K)]
  0x000001a9339cdf70 ConcurrentGCThread "G1 Main Marker"            [id=11960, stack(0x00000078bfa00000,0x00000078bfb00000) (1024K)]
  0x000001a935bfe020 WorkerThread "G1 Conc#0"                       [id=14392, stack(0x00000078bfb00000,0x00000078bfc00000) (1024K)]
  0x000001a96d5de7a0 WorkerThread "G1 Conc#1"                       [id=13388, stack(0x00000078c1d00000,0x00000078c1e00000) (1024K)]
  0x000001a965586030 ConcurrentGCThread "G1 Refine#0"               [id=12152, stack(0x00000078bfc00000,0x00000078bfd00000) (1024K)]
  0x000001a965586960 ConcurrentGCThread "G1 Service"                [id=11560, stack(0x00000078bfd00000,0x00000078bfe00000) (1024K)]
Total: 15

Threads with active compile tasks:
C2 CompilerThread0  88895 24630       4       org.jetbrains.org.objectweb.asm.ClassReader::readMethod (1093 bytes)
C2 CompilerThread1  88895 24465       4       org.jetbrains.org.objectweb.asm.ClassReader::accept (1401 bytes)
C2 CompilerThread2  88895 24733       4       org.jetbrains.org.objectweb.asm.tree.MethodNode::accept (874 bytes)
Total: 3

VM state: not at safepoint (normal execution)

VM Mutex/Monitor currently owned by a thread: None

Heap address: 0x0000000600000000, size: 8192 MB, Compressed Oops mode: Zero based, Oop shift amount: 3

CDS archive(s) not mapped
Compressed class space mapped at: 0x0000000800000000-0x0000000840000000, reserved size: 1073741824
Narrow klass base: 0x0000000800000000, Narrow klass shift: 0, Narrow klass range: 0x40000000

GC Precious Log:
 CardTable entry size: 512
 Card Set container configuration: InlinePtr #cards 4 size 8 Array Of Cards #cards 32 size 80 Howl #buckets 8 coarsen threshold 7372 Howl Bitmap #cards 1024 size 144 coarsen threshold 921 Card regions per heap region 1 cards per card region 8192
 CPUs: 8 total, 8 available
 Memory: 8003M
 Large Page Support: Disabled
 NUMA Support: Disabled
 Compressed Oops: Enabled (Zero based)
 Heap Region Size: 4M
 Heap Min Capacity: 8M
 Heap Initial Capacity: 128M
 Heap Max Capacity: 8G
 Pre-touch: Disabled
 Parallel Workers: 8
 Concurrent Workers: 2
 Concurrent Refinement Workers: 8
 Periodic GC: Disabled

Heap:
 garbage-first heap   total 724992K, used 246211K [0x0000000600000000, 0x0000000800000000)
  region size 4096K, 8 young (32768K), 5 survivors (20480K)
 Metaspace       used 175303K, committed 177408K, reserved 1245184K
  class space    used 22617K, committed 23616K, reserved 1048576K

Heap Regions: E=young(eden), S=young(survivor), O=old, HS=humongous(starts), HC=humongous(continues), CS=collection set, F=free, TAMS=top-at-mark-start, PB=parsable bottom
|   0|0x0000000600000000, 0x0000000600400000, 0x0000000600400000|100%|HS|  |TAMS 0x0000000600000000| PB 0x0000000600000000| Complete 
|   1|0x0000000600400000, 0x0000000600800000, 0x0000000600800000|100%| O|  |TAMS 0x0000000600400000| PB 0x0000000600400000| Untracked 
|   2|0x0000000600800000, 0x0000000600c00000, 0x0000000600c00000|100%| O|  |TAMS 0x0000000600800000| PB 0x0000000600800000| Untracked 
|   3|0x0000000600c00000, 0x0000000601000000, 0x0000000601000000|100%| O|  |TAMS 0x0000000600c00000| PB 0x0000000600c00000| Untracked 
|   4|0x0000000601000000, 0x0000000601400000, 0x0000000601400000|100%| O|  |TAMS 0x0000000601000000| PB 0x0000000601000000| Untracked 
|   5|0x0000000601400000, 0x0000000601800000, 0x0000000601800000|100%| O|  |TAMS 0x0000000601400000| PB 0x0000000601400000| Untracked 
|   6|0x0000000601800000, 0x0000000601c00000, 0x0000000601c00000|100%| O|  |TAMS 0x0000000601800000| PB 0x0000000601800000| Untracked 
|   7|0x0000000601c00000, 0x0000000602000000, 0x0000000602000000|100%| O|  |TAMS 0x0000000601c00000| PB 0x0000000601c00000| Untracked 
|   8|0x0000000602000000, 0x0000000602400000, 0x0000000602400000|100%| O|  |TAMS 0x0000000602000000| PB 0x0000000602000000| Untracked 
|   9|0x0000000602400000, 0x0000000602800000, 0x0000000602800000|100%| O|  |TAMS 0x0000000602400000| PB 0x0000000602400000| Untracked 
|  10|0x0000000602800000, 0x0000000602c00000, 0x0000000602c00000|100%| O|  |TAMS 0x0000000602800000| PB 0x0000000602800000| Untracked 
|  11|0x0000000602c00000, 0x0000000603000000, 0x0000000603000000|100%| O|  |TAMS 0x0000000602c00000| PB 0x0000000602c00000| Untracked 
|  12|0x0000000603000000, 0x0000000603400000, 0x0000000603400000|100%| O|  |TAMS 0x0000000603000000| PB 0x0000000603000000| Untracked 
|  13|0x0000000603400000, 0x0000000603800000, 0x0000000603800000|100%| O|  |TAMS 0x0000000603400000| PB 0x0000000603400000| Untracked 
|  14|0x0000000603800000, 0x0000000603c00000, 0x0000000603c00000|100%| O|  |TAMS 0x0000000603800000| PB 0x0000000603800000| Untracked 
|  15|0x0000000603c00000, 0x0000000604000000, 0x0000000604000000|100%| O|  |TAMS 0x0000000603c00000| PB 0x0000000603c00000| Untracked 
|  16|0x0000000604000000, 0x0000000604400000, 0x0000000604400000|100%| O|  |TAMS 0x0000000604000000| PB 0x0000000604000000| Untracked 
|  17|0x0000000604400000, 0x0000000604800000, 0x0000000604800000|100%| O|  |TAMS 0x0000000604400000| PB 0x0000000604400000| Untracked 
|  18|0x0000000604800000, 0x0000000604c00000, 0x0000000604c00000|100%| O|  |TAMS 0x0000000604800000| PB 0x0000000604800000| Untracked 
|  19|0x0000000604c00000, 0x0000000605000000, 0x0000000605000000|100%| O|  |TAMS 0x0000000604c00000| PB 0x0000000604c00000| Untracked 
|  20|0x0000000605000000, 0x0000000605400000, 0x0000000605400000|100%| O|  |TAMS 0x0000000605000000| PB 0x0000000605000000| Untracked 
|  21|0x0000000605400000, 0x0000000605800000, 0x0000000605800000|100%| O|  |TAMS 0x0000000605400000| PB 0x0000000605400000| Untracked 
|  22|0x0000000605800000, 0x0000000605c00000, 0x0000000605c00000|100%| O|  |TAMS 0x0000000605800000| PB 0x0000000605800000| Untracked 
|  23|0x0000000605c00000, 0x0000000606000000, 0x0000000606000000|100%| O|  |TAMS 0x0000000605c00000| PB 0x0000000605c00000| Untracked 
|  24|0x0000000606000000, 0x0000000606400000, 0x0000000606400000|100%| O|  |TAMS 0x0000000606000000| PB 0x0000000606000000| Untracked 
|  25|0x0000000606400000, 0x0000000606800000, 0x0000000606800000|100%| O|  |TAMS 0x0000000606400000| PB 0x0000000606400000| Untracked 
|  26|0x0000000606800000, 0x0000000606c00000, 0x0000000606c00000|100%| O|  |TAMS 0x0000000606800000| PB 0x0000000606800000| Untracked 
|  27|0x0000000606c00000, 0x0000000607000000, 0x0000000607000000|100%| O|  |TAMS 0x0000000606c00000| PB 0x0000000606c00000| Untracked 
|  28|0x0000000607000000, 0x0000000607400000, 0x0000000607400000|100%| O|  |TAMS 0x0000000607000000| PB 0x0000000607000000| Untracked 
|  29|0x0000000607400000, 0x0000000607800000, 0x0000000607800000|100%| O|  |TAMS 0x0000000607400000| PB 0x0000000607400000| Untracked 
|  30|0x0000000607800000, 0x0000000607c00000, 0x0000000607c00000|100%| O|  |TAMS 0x0000000607800000| PB 0x0000000607800000| Untracked 
|  31|0x0000000607c00000, 0x0000000608000000, 0x0000000608000000|100%| O|  |TAMS 0x0000000607c00000| PB 0x0000000607c00000| Untracked 
|  32|0x0000000608000000, 0x0000000608400000, 0x0000000608400000|100%| O|  |TAMS 0x0000000608000000| PB 0x0000000608000000| Untracked 
|  33|0x0000000608400000, 0x0000000608800000, 0x0000000608800000|100%| O|  |TAMS 0x0000000608400000| PB 0x0000000608400000| Untracked 
|  34|0x0000000608800000, 0x0000000608c00000, 0x0000000608c00000|100%| O|  |TAMS 0x0000000608800000| PB 0x0000000608800000| Untracked 
|  35|0x0000000608c00000, 0x0000000609000000, 0x0000000609000000|100%| O|  |TAMS 0x0000000608c00000| PB 0x0000000608c00000| Untracked 
|  36|0x0000000609000000, 0x0000000609400000, 0x0000000609400000|100%| O|  |TAMS 0x0000000609000000| PB 0x0000000609000000| Untracked 
|  37|0x0000000609400000, 0x0000000609800000, 0x0000000609800000|100%| O|  |TAMS 0x0000000609400000| PB 0x0000000609400000| Untracked 
|  38|0x0000000609800000, 0x0000000609c00000, 0x0000000609c00000|100%| O|  |TAMS 0x0000000609800000| PB 0x0000000609800000| Untracked 
|  39|0x0000000609c00000, 0x000000060a000000, 0x000000060a000000|100%|HS|  |TAMS 0x0000000609c00000| PB 0x0000000609c00000| Complete 
|  40|0x000000060a000000, 0x000000060a400000, 0x000000060a400000|100%|HS|  |TAMS 0x000000060a000000| PB 0x000000060a000000| Complete 
|  41|0x000000060a400000, 0x000000060a800000, 0x000000060a800000|100%|HC|  |TAMS 0x000000060a400000| PB 0x000000060a400000| Complete 
|  42|0x000000060a800000, 0x000000060ac00000, 0x000000060ac00000|100%| O|  |TAMS 0x000000060a800000| PB 0x000000060a800000| Untracked 
|  43|0x000000060ac00000, 0x000000060b000000, 0x000000060b000000|100%| O|  |TAMS 0x000000060ac00000| PB 0x000000060ac00000| Untracked 
|  44|0x000000060b000000, 0x000000060b400000, 0x000000060b400000|100%| O|  |TAMS 0x000000060b000000| PB 0x000000060b000000| Untracked 
|  45|0x000000060b400000, 0x000000060b800000, 0x000000060b800000|100%| O|  |TAMS 0x000000060b400000| PB 0x000000060b400000| Untracked 
|  46|0x000000060b800000, 0x000000060b800000, 0x000000060bc00000|  0%| F|  |TAMS 0x000000060b800000| PB 0x000000060b800000| Untracked 
|  47|0x000000060bc00000, 0x000000060bc00000, 0x000000060c000000|  0%| F|  |TAMS 0x000000060bc00000| PB 0x000000060bc00000| Untracked 
|  48|0x000000060c000000, 0x000000060c000000, 0x000000060c400000|  0%| F|  |TAMS 0x000000060c000000| PB 0x000000060c000000| Untracked 
|  49|0x000000060c400000, 0x000000060c400000, 0x000000060c800000|  0%| F|  |TAMS 0x000000060c400000| PB 0x000000060c400000| Untracked 
|  50|0x000000060c800000, 0x000000060c800000, 0x000000060cc00000|  0%| F|  |TAMS 0x000000060c800000| PB 0x000000060c800000| Untracked 
|  51|0x000000060cc00000, 0x000000060cc00000, 0x000000060d000000|  0%| F|  |TAMS 0x000000060cc00000| PB 0x000000060cc00000| Untracked 
|  52|0x000000060d000000, 0x000000060d000000, 0x000000060d400000|  0%| F|  |TAMS 0x000000060d000000| PB 0x000000060d000000| Untracked 
|  53|0x000000060d400000, 0x000000060d400000, 0x000000060d800000|  0%| F|  |TAMS 0x000000060d400000| PB 0x000000060d400000| Untracked 
|  54|0x000000060d800000, 0x000000060dc00000, 0x000000060dc00000|100%| O|  |TAMS 0x000000060d800000| PB 0x000000060d800000| Untracked 
|  55|0x000000060dc00000, 0x000000060e000000, 0x000000060e000000|100%| O|  |TAMS 0x000000060dc00000| PB 0x000000060dc00000| Untracked 
|  56|0x000000060e000000, 0x000000060e000000, 0x000000060e400000|  0%| F|  |TAMS 0x000000060e000000| PB 0x000000060e000000| Untracked 
|  57|0x000000060e400000, 0x000000060e400000, 0x000000060e800000|  0%| F|  |TAMS 0x000000060e400000| PB 0x000000060e400000| Untracked 
|  58|0x000000060e800000, 0x000000060ec00000, 0x000000060ec00000|100%| O|  |TAMS 0x000000060e800000| PB 0x000000060e800000| Untracked 
|  59|0x000000060ec00000, 0x000000060f000000, 0x000000060f000000|100%| O|  |TAMS 0x000000060ec00000| PB 0x000000060ec00000| Untracked 
|  60|0x000000060f000000, 0x000000060f257998, 0x000000060f400000| 58%| O|  |TAMS 0x000000060f000000| PB 0x000000060f000000| Untracked 
|  61|0x000000060f400000, 0x000000060f400000, 0x000000060f800000|  0%| F|  |TAMS 0x000000060f400000| PB 0x000000060f400000| Untracked 
|  62|0x000000060f800000, 0x000000060f800000, 0x000000060fc00000|  0%| F|  |TAMS 0x000000060f800000| PB 0x000000060f800000| Untracked 
|  63|0x000000060fc00000, 0x000000060fc00000, 0x0000000610000000|  0%| F|  |TAMS 0x000000060fc00000| PB 0x000000060fc00000| Untracked 
|  64|0x0000000610000000, 0x0000000610219288, 0x0000000610400000| 52%| S|CS|TAMS 0x0000000610000000| PB 0x0000000610000000| Complete 
|  65|0x0000000610400000, 0x0000000610800000, 0x0000000610800000|100%| S|CS|TAMS 0x0000000610400000| PB 0x0000000610400000| Complete 
|  66|0x0000000610800000, 0x0000000610c00000, 0x0000000610c00000|100%| S|CS|TAMS 0x0000000610800000| PB 0x0000000610800000| Complete 
|  67|0x0000000610c00000, 0x0000000611000000, 0x0000000611000000|100%| S|CS|TAMS 0x0000000610c00000| PB 0x0000000610c00000| Complete 
|  68|0x0000000611000000, 0x0000000611000000, 0x0000000611400000|  0%| F|  |TAMS 0x0000000611000000| PB 0x0000000611000000| Untracked 
|  69|0x0000000611400000, 0x0000000611400000, 0x0000000611800000|  0%| F|  |TAMS 0x0000000611400000| PB 0x0000000611400000| Untracked 
|  70|0x0000000611800000, 0x0000000611800000, 0x0000000611c00000|  0%| F|  |TAMS 0x0000000611800000| PB 0x0000000611800000| Untracked 
|  71|0x0000000611c00000, 0x0000000611c00000, 0x0000000612000000|  0%| F|  |TAMS 0x0000000611c00000| PB 0x0000000611c00000| Untracked 
|  72|0x0000000612000000, 0x0000000612400000, 0x0000000612400000|100%| S|CS|TAMS 0x0000000612000000| PB 0x0000000612000000| Complete 
|  73|0x0000000612400000, 0x0000000612400000, 0x0000000612800000|  0%| F|  |TAMS 0x0000000612400000| PB 0x0000000612400000| Untracked 
|  74|0x0000000612800000, 0x0000000612800000, 0x0000000612c00000|  0%| F|  |TAMS 0x0000000612800000| PB 0x0000000612800000| Untracked 
|  75|0x0000000612c00000, 0x0000000612c00000, 0x0000000613000000|  0%| F|  |TAMS 0x0000000612c00000| PB 0x0000000612c00000| Untracked 
|  76|0x0000000613000000, 0x0000000613000000, 0x0000000613400000|  0%| F|  |TAMS 0x0000000613000000| PB 0x0000000613000000| Untracked 
|  77|0x0000000613400000, 0x0000000613400000, 0x0000000613800000|  0%| F|  |TAMS 0x0000000613400000| PB 0x0000000613400000| Untracked 
|  78|0x0000000613800000, 0x0000000613800000, 0x0000000613c00000|  0%| F|  |TAMS 0x0000000613800000| PB 0x0000000613800000| Untracked 
|  79|0x0000000613c00000, 0x0000000613c00000, 0x0000000614000000|  0%| F|  |TAMS 0x0000000613c00000| PB 0x0000000613c00000| Untracked 
|  80|0x0000000614000000, 0x0000000614000000, 0x0000000614400000|  0%| F|  |TAMS 0x0000000614000000| PB 0x0000000614000000| Untracked 
|  81|0x0000000614400000, 0x0000000614400000, 0x0000000614800000|  0%| F|  |TAMS 0x0000000614400000| PB 0x0000000614400000| Untracked 
|  82|0x0000000614800000, 0x0000000614800000, 0x0000000614c00000|  0%| F|  |TAMS 0x0000000614800000| PB 0x0000000614800000| Untracked 
|  83|0x0000000614c00000, 0x0000000614c00000, 0x0000000615000000|  0%| F|  |TAMS 0x0000000614c00000| PB 0x0000000614c00000| Untracked 
|  84|0x0000000615000000, 0x0000000615000000, 0x0000000615400000|  0%| F|  |TAMS 0x0000000615000000| PB 0x0000000615000000| Untracked 
|  85|0x0000000615400000, 0x0000000615400000, 0x0000000615800000|  0%| F|  |TAMS 0x0000000615400000| PB 0x0000000615400000| Untracked 
|  86|0x0000000615800000, 0x0000000615800000, 0x0000000615c00000|  0%| F|  |TAMS 0x0000000615800000| PB 0x0000000615800000| Untracked 
|  87|0x0000000615c00000, 0x0000000615c00000, 0x0000000616000000|  0%| F|  |TAMS 0x0000000615c00000| PB 0x0000000615c00000| Untracked 
|  88|0x0000000616000000, 0x0000000616000000, 0x0000000616400000|  0%| F|  |TAMS 0x0000000616000000| PB 0x0000000616000000| Untracked 
|  89|0x0000000616400000, 0x0000000616400000, 0x0000000616800000|  0%| F|  |TAMS 0x0000000616400000| PB 0x0000000616400000| Untracked 
|  90|0x0000000616800000, 0x0000000616800000, 0x0000000616c00000|  0%| F|  |TAMS 0x0000000616800000| PB 0x0000000616800000| Untracked 
|  91|0x0000000616c00000, 0x0000000616c00000, 0x0000000617000000|  0%| F|  |TAMS 0x0000000616c00000| PB 0x0000000616c00000| Untracked 
|  92|0x0000000617000000, 0x0000000617000000, 0x0000000617400000|  0%| F|  |TAMS 0x0000000617000000| PB 0x0000000617000000| Untracked 
|  93|0x0000000617400000, 0x0000000617400000, 0x0000000617800000|  0%| F|  |TAMS 0x0000000617400000| PB 0x0000000617400000| Untracked 
|  94|0x0000000617800000, 0x0000000617800000, 0x0000000617c00000|  0%| F|  |TAMS 0x0000000617800000| PB 0x0000000617800000| Untracked 
|  95|0x0000000617c00000, 0x0000000617c00000, 0x0000000618000000|  0%| F|  |TAMS 0x0000000617c00000| PB 0x0000000617c00000| Untracked 
|  96|0x0000000618000000, 0x0000000618000000, 0x0000000618400000|  0%| F|  |TAMS 0x0000000618000000| PB 0x0000000618000000| Untracked 
|  97|0x0000000618400000, 0x0000000618400000, 0x0000000618800000|  0%| F|  |TAMS 0x0000000618400000| PB 0x0000000618400000| Untracked 
|  98|0x0000000618800000, 0x0000000618800000, 0x0000000618c00000|  0%| F|  |TAMS 0x0000000618800000| PB 0x0000000618800000| Untracked 
|  99|0x0000000618c00000, 0x0000000618c00000, 0x0000000619000000|  0%| F|  |TAMS 0x0000000618c00000| PB 0x0000000618c00000| Untracked 
| 100|0x0000000619000000, 0x0000000619000000, 0x0000000619400000|  0%| F|  |TAMS 0x0000000619000000| PB 0x0000000619000000| Untracked 
| 101|0x0000000619400000, 0x0000000619400000, 0x0000000619800000|  0%| F|  |TAMS 0x0000000619400000| PB 0x0000000619400000| Untracked 
| 102|0x0000000619800000, 0x0000000619800000, 0x0000000619c00000|  0%| F|  |TAMS 0x0000000619800000| PB 0x0000000619800000| Untracked 
| 103|0x0000000619c00000, 0x0000000619c00000, 0x000000061a000000|  0%| F|  |TAMS 0x0000000619c00000| PB 0x0000000619c00000| Untracked 
| 104|0x000000061a000000, 0x000000061a000000, 0x000000061a400000|  0%| F|  |TAMS 0x000000061a000000| PB 0x000000061a000000| Untracked 
| 105|0x000000061a400000, 0x000000061a400000, 0x000000061a800000|  0%| F|  |TAMS 0x000000061a400000| PB 0x000000061a400000| Untracked 
| 106|0x000000061a800000, 0x000000061a800000, 0x000000061ac00000|  0%| F|  |TAMS 0x000000061a800000| PB 0x000000061a800000| Untracked 
| 107|0x000000061ac00000, 0x000000061ac00000, 0x000000061b000000|  0%| F|  |TAMS 0x000000061ac00000| PB 0x000000061ac00000| Untracked 
| 108|0x000000061b000000, 0x000000061b000000, 0x000000061b400000|  0%| F|  |TAMS 0x000000061b000000| PB 0x000000061b000000| Untracked 
| 109|0x000000061b400000, 0x000000061b400000, 0x000000061b800000|  0%| F|  |TAMS 0x000000061b400000| PB 0x000000061b400000| Untracked 
| 110|0x000000061b800000, 0x000000061b800000, 0x000000061bc00000|  0%| F|  |TAMS 0x000000061b800000| PB 0x000000061b800000| Untracked 
| 111|0x000000061bc00000, 0x000000061bc00000, 0x000000061c000000|  0%| F|  |TAMS 0x000000061bc00000| PB 0x000000061bc00000| Untracked 
| 112|0x000000061c000000, 0x000000061c000000, 0x000000061c400000|  0%| F|  |TAMS 0x000000061c000000| PB 0x000000061c000000| Untracked 
| 113|0x000000061c400000, 0x000000061c400000, 0x000000061c800000|  0%| F|  |TAMS 0x000000061c400000| PB 0x000000061c400000| Untracked 
| 114|0x000000061c800000, 0x000000061c800000, 0x000000061cc00000|  0%| F|  |TAMS 0x000000061c800000| PB 0x000000061c800000| Untracked 
| 115|0x000000061cc00000, 0x000000061cc00000, 0x000000061d000000|  0%| F|  |TAMS 0x000000061cc00000| PB 0x000000061cc00000| Untracked 
| 116|0x000000061d000000, 0x000000061d000000, 0x000000061d400000|  0%| F|  |TAMS 0x000000061d000000| PB 0x000000061d000000| Untracked 
| 117|0x000000061d400000, 0x000000061d400000, 0x000000061d800000|  0%| F|  |TAMS 0x000000061d400000| PB 0x000000061d400000| Untracked 
| 118|0x000000061d800000, 0x000000061d800000, 0x000000061dc00000|  0%| F|  |TAMS 0x000000061d800000| PB 0x000000061d800000| Untracked 
| 119|0x000000061dc00000, 0x000000061dc00000, 0x000000061e000000|  0%| F|  |TAMS 0x000000061dc00000| PB 0x000000061dc00000| Untracked 
| 120|0x000000061e000000, 0x000000061e000000, 0x000000061e400000|  0%| F|  |TAMS 0x000000061e000000| PB 0x000000061e000000| Untracked 
| 121|0x000000061e400000, 0x000000061e400000, 0x000000061e800000|  0%| F|  |TAMS 0x000000061e400000| PB 0x000000061e400000| Untracked 
| 122|0x000000061e800000, 0x000000061e800000, 0x000000061ec00000|  0%| F|  |TAMS 0x000000061e800000| PB 0x000000061e800000| Untracked 
| 123|0x000000061ec00000, 0x000000061ec00000, 0x000000061f000000|  0%| F|  |TAMS 0x000000061ec00000| PB 0x000000061ec00000| Untracked 
| 124|0x000000061f000000, 0x000000061f000000, 0x000000061f400000|  0%| F|  |TAMS 0x000000061f000000| PB 0x000000061f000000| Untracked 
| 125|0x000000061f400000, 0x000000061f400000, 0x000000061f800000|  0%| F|  |TAMS 0x000000061f400000| PB 0x000000061f400000| Untracked 
| 126|0x000000061f800000, 0x000000061f800000, 0x000000061fc00000|  0%| F|  |TAMS 0x000000061f800000| PB 0x000000061f800000| Untracked 
| 127|0x000000061fc00000, 0x000000061fc00000, 0x0000000620000000|  0%| F|  |TAMS 0x000000061fc00000| PB 0x000000061fc00000| Untracked 
| 128|0x0000000620000000, 0x0000000620000000, 0x0000000620400000|  0%| F|  |TAMS 0x0000000620000000| PB 0x0000000620000000| Untracked 
| 129|0x0000000620400000, 0x0000000620400000, 0x0000000620800000|  0%| F|  |TAMS 0x0000000620400000| PB 0x0000000620400000| Untracked 
| 130|0x0000000620800000, 0x0000000620800000, 0x0000000620c00000|  0%| F|  |TAMS 0x0000000620800000| PB 0x0000000620800000| Untracked 
| 131|0x0000000620c00000, 0x0000000620c00000, 0x0000000621000000|  0%| F|  |TAMS 0x0000000620c00000| PB 0x0000000620c00000| Untracked 
| 132|0x0000000621000000, 0x0000000621000000, 0x0000000621400000|  0%| F|  |TAMS 0x0000000621000000| PB 0x0000000621000000| Untracked 
| 133|0x0000000621400000, 0x0000000621400000, 0x0000000621800000|  0%| F|  |TAMS 0x0000000621400000| PB 0x0000000621400000| Untracked 
| 134|0x0000000621800000, 0x0000000621800000, 0x0000000621c00000|  0%| F|  |TAMS 0x0000000621800000| PB 0x0000000621800000| Untracked 
| 135|0x0000000621c00000, 0x0000000621c00000, 0x0000000622000000|  0%| F|  |TAMS 0x0000000621c00000| PB 0x0000000621c00000| Untracked 
| 136|0x0000000622000000, 0x0000000622000000, 0x0000000622400000|  0%| F|  |TAMS 0x0000000622000000| PB 0x0000000622000000| Untracked 
| 137|0x0000000622400000, 0x0000000622400000, 0x0000000622800000|  0%| F|  |TAMS 0x0000000622400000| PB 0x0000000622400000| Untracked 
| 138|0x0000000622800000, 0x0000000622800000, 0x0000000622c00000|  0%| F|  |TAMS 0x0000000622800000| PB 0x0000000622800000| Untracked 
| 139|0x0000000622c00000, 0x0000000622c00000, 0x0000000623000000|  0%| F|  |TAMS 0x0000000622c00000| PB 0x0000000622c00000| Untracked 
| 140|0x0000000623000000, 0x0000000623000000, 0x0000000623400000|  0%| F|  |TAMS 0x0000000623000000| PB 0x0000000623000000| Untracked 
| 141|0x0000000623400000, 0x0000000623400000, 0x0000000623800000|  0%| F|  |TAMS 0x0000000623400000| PB 0x0000000623400000| Untracked 
| 142|0x0000000623800000, 0x0000000623800000, 0x0000000623c00000|  0%| F|  |TAMS 0x0000000623800000| PB 0x0000000623800000| Untracked 
| 143|0x0000000623c00000, 0x0000000623c00000, 0x0000000624000000|  0%| F|  |TAMS 0x0000000623c00000| PB 0x0000000623c00000| Untracked 
| 144|0x0000000624000000, 0x0000000624000000, 0x0000000624400000|  0%| F|  |TAMS 0x0000000624000000| PB 0x0000000624000000| Untracked 
| 145|0x0000000624400000, 0x0000000624400000, 0x0000000624800000|  0%| F|  |TAMS 0x0000000624400000| PB 0x0000000624400000| Untracked 
| 146|0x0000000624800000, 0x0000000624800000, 0x0000000624c00000|  0%| F|  |TAMS 0x0000000624800000| PB 0x0000000624800000| Untracked 
| 147|0x0000000624c00000, 0x0000000624c00000, 0x0000000625000000|  0%| F|  |TAMS 0x0000000624c00000| PB 0x0000000624c00000| Untracked 
| 148|0x0000000625000000, 0x0000000625000000, 0x0000000625400000|  0%| F|  |TAMS 0x0000000625000000| PB 0x0000000625000000| Untracked 
| 149|0x0000000625400000, 0x0000000625400000, 0x0000000625800000|  0%| F|  |TAMS 0x0000000625400000| PB 0x0000000625400000| Untracked 
| 150|0x0000000625800000, 0x0000000625800000, 0x0000000625c00000|  0%| F|  |TAMS 0x0000000625800000| PB 0x0000000625800000| Untracked 
| 151|0x0000000625c00000, 0x0000000625c00000, 0x0000000626000000|  0%| F|  |TAMS 0x0000000625c00000| PB 0x0000000625c00000| Untracked 
| 152|0x0000000626000000, 0x0000000626000000, 0x0000000626400000|  0%| F|  |TAMS 0x0000000626000000| PB 0x0000000626000000| Untracked 
| 153|0x0000000626400000, 0x0000000626400000, 0x0000000626800000|  0%| F|  |TAMS 0x0000000626400000| PB 0x0000000626400000| Untracked 
| 154|0x0000000626800000, 0x0000000626800000, 0x0000000626c00000|  0%| F|  |TAMS 0x0000000626800000| PB 0x0000000626800000| Untracked 
| 155|0x0000000626c00000, 0x0000000626c00000, 0x0000000627000000|  0%| F|  |TAMS 0x0000000626c00000| PB 0x0000000626c00000| Untracked 
| 156|0x0000000627000000, 0x0000000627000000, 0x0000000627400000|  0%| F|  |TAMS 0x0000000627000000| PB 0x0000000627000000| Untracked 
| 157|0x0000000627400000, 0x0000000627400000, 0x0000000627800000|  0%| F|  |TAMS 0x0000000627400000| PB 0x0000000627400000| Untracked 
| 158|0x0000000627800000, 0x0000000627800000, 0x0000000627c00000|  0%| F|  |TAMS 0x0000000627800000| PB 0x0000000627800000| Untracked 
| 159|0x0000000627c00000, 0x0000000627c00000, 0x0000000628000000|  0%| F|  |TAMS 0x0000000627c00000| PB 0x0000000627c00000| Untracked 
| 160|0x0000000628000000, 0x0000000628000000, 0x0000000628400000|  0%| F|  |TAMS 0x0000000628000000| PB 0x0000000628000000| Untracked 
| 161|0x0000000628400000, 0x0000000628400000, 0x0000000628800000|  0%| F|  |TAMS 0x0000000628400000| PB 0x0000000628400000| Untracked 
| 162|0x0000000628800000, 0x0000000628800000, 0x0000000628c00000|  0%| F|  |TAMS 0x0000000628800000| PB 0x0000000628800000| Untracked 
| 163|0x0000000628c00000, 0x0000000628c00000, 0x0000000629000000|  0%| F|  |TAMS 0x0000000628c00000| PB 0x0000000628c00000| Untracked 
| 164|0x0000000629000000, 0x0000000629000000, 0x0000000629400000|  0%| F|  |TAMS 0x0000000629000000| PB 0x0000000629000000| Untracked 
| 165|0x0000000629400000, 0x0000000629400000, 0x0000000629800000|  0%| F|  |TAMS 0x0000000629400000| PB 0x0000000629400000| Untracked 
| 166|0x0000000629800000, 0x0000000629800000, 0x0000000629c00000|  0%| F|  |TAMS 0x0000000629800000| PB 0x0000000629800000| Untracked 
| 167|0x0000000629c00000, 0x0000000629c00000, 0x000000062a000000|  0%| F|  |TAMS 0x0000000629c00000| PB 0x0000000629c00000| Untracked 
| 168|0x000000062a000000, 0x000000062a000000, 0x000000062a400000|  0%| F|  |TAMS 0x000000062a000000| PB 0x000000062a000000| Untracked 
| 169|0x000000062a400000, 0x000000062a800000, 0x000000062a800000|100%| E|  |TAMS 0x000000062a400000| PB 0x000000062a400000| Complete 
| 170|0x000000062a800000, 0x000000062ac00000, 0x000000062ac00000|100%| E|CS|TAMS 0x000000062a800000| PB 0x000000062a800000| Complete 
| 171|0x000000062ac00000, 0x000000062b000000, 0x000000062b000000|100%| E|CS|TAMS 0x000000062ac00000| PB 0x000000062ac00000| Complete 
| 172|0x000000062b000000, 0x000000062b400000, 0x000000062b400000|100%| E|CS|TAMS 0x000000062b000000| PB 0x000000062b000000| Complete 
| 197|0x0000000631400000, 0x0000000631800000, 0x0000000631800000|100%| E|CS|TAMS 0x0000000631400000| PB 0x0000000631400000| Complete 
|2045|0x00000007ff400000, 0x00000007ff800000, 0x00000007ff800000|100%| O|  |TAMS 0x00000007ff400000| PB 0x00000007ff400000| Untracked 
|2046|0x00000007ff800000, 0x00000007ffc00000, 0x00000007ffc00000|100%| O|  |TAMS 0x00000007ff800000| PB 0x00000007ff800000| Untracked 
|2047|0x00000007ffc00000, 0x0000000800000000, 0x0000000800000000|100%| O|  |TAMS 0x00000007ffc00000| PB 0x00000007ffc00000| Untracked 

Card table byte_map: [0x000001a95a210000,0x000001a95b210000] _byte_map_base: 0x000001a957210000

Marking Bits: (CMBitMap*) 0x000001a935bf05d0
 Bits: [0x000001a95b210000, 0x000001a963210000)

Polling page: 0x000001a9339e0000

Metaspace:

Usage:
  Non-class:    149.11 MB used.
      Class:     22.09 MB used.
       Both:    171.19 MB used.

Virtual space:
  Non-class space:      192.00 MB reserved,     150.19 MB ( 78%) committed,  3 nodes.
      Class space:        1.00 GB reserved,      23.06 MB (  2%) committed,  1 nodes.
             Both:        1.19 GB reserved,     173.25 MB ( 14%) committed. 

Chunk freelists:
   Non-Class:  8.95 MB
       Class:  8.86 MB
        Both:  17.81 MB

MaxMetaspaceSize: 4.00 GB
CompressedClassSpaceSize: 1.00 GB
Initial GC threshold: 21.00 MB
Current GC threshold: 235.94 MB
CDS: off
 - commit_granule_bytes: 65536.
 - commit_granule_words: 8192.
 - virtual_space_node_default_size: 8388608.
 - enlarge_chunks_in_place: 1.
 - use_allocation_guard: 0.


Internal statistics:

num_allocs_failed_limit: 21.
num_arena_births: 4026.
num_arena_deaths: 0.
num_vsnodes_births: 4.
num_vsnodes_deaths: 0.
num_space_committed: 2771.
num_space_uncommitted: 0.
num_chunks_returned_to_freelist: 21.
num_chunks_taken_from_freelist: 10649.
num_chunk_merges: 21.
num_chunk_splits: 7585.
num_chunks_enlarged: 5472.
num_inconsistent_stats: 0.

CodeHeap 'non-profiled nmethods': size=259264Kb used=19987Kb max_used=19987Kb free=239277Kb
 bounds [0x000001a948f80000, 0x000001a94a310000, 0x000001a958cb0000]
CodeHeap 'profiled nmethods': size=259264Kb used=52753Kb max_used=52753Kb free=206510Kb
 bounds [0x000001a938cb0000, 0x000001a93c040000, 0x000001a9489e0000]
CodeHeap 'non-nmethods': size=5760Kb used=2333Kb max_used=2411Kb free=3426Kb
 bounds [0x000001a9489e0000, 0x000001a948c50000, 0x000001a948f80000]
CodeCache: size=524288Kb, used=75073Kb, max_used=75151Kb, free=449213Kb
 total_blobs=22994, nmethods=21854, adapters=1039, full_count=0
Compilation: enabled, stopped_count=0, restarted_count=0

Compilation events (20 events):
Event: 88.663 Thread 0x000001a96a07b600 24712       3       org.jetbrains.kotlin.metadata.ProtoBuf$Constructor$1::parsePartialFrom (11 bytes)
Event: 88.663 Thread 0x000001a96a07b600 nmethod 24712 0x000001a93bfb2a10 code [0x000001a93bfb2bc0, 0x000001a93bfb2dd0]
Event: 88.665 Thread 0x000001a96a07b600 24713       2       org.jetbrains.kotlin.metadata.jvm.JvmProtoBuf$JvmPropertySignature$Builder::mergeSetter (61 bytes)
Event: 88.666 Thread 0x000001a96a07b600 nmethod 24713 0x000001a93bfb2f10 code [0x000001a93bfb30e0, 0x000001a93bfb3450]
Event: 88.670 Thread 0x000001a96a07b600 24714       3       org.jetbrains.kotlin.load.kotlin.FileBasedKotlinClass$3::visitEnd (10 bytes)
Event: 88.670 Thread 0x000001a96a07b600 nmethod 24714 0x000001a93bfb3610 code [0x000001a93bfb37c0, 0x000001a93bfb3980]
Event: 88.670 Thread 0x000001a96a07b600 24715       3       kotlin.collections.CollectionsKt___CollectionsKt::plus (87 bytes)
Event: 88.671 Thread 0x000001a96a07b600 nmethod 24715 0x000001a93bfb3a90 code [0x000001a93bfb3dc0, 0x000001a93bfb5030]
Event: 88.675 Thread 0x000001a9720815f0 nmethod 23577 0x000001a94a2fc690 code [0x000001a94a2fc880, 0x000001a94a2fd0e0]
Event: 88.676 Thread 0x000001a9720815f0 24303  s    4       org.jetbrains.kotlin.protobuf.ByteString$Output::toByteString (12 bytes)
Event: 88.678 Thread 0x000001a9720815f0 nmethod 24303 0x000001a94a2fd610 code [0x000001a94a2fd7a0, 0x000001a94a2fda40]
Event: 88.678 Thread 0x000001a9720815f0 24566       4       org.jetbrains.kotlin.protobuf.CodedOutputStream::newInstance (12 bytes)
Event: 88.681 Thread 0x000001a9720815f0 nmethod 24566 0x000001a94a2fdc10 code [0x000001a94a2fdda0, 0x000001a94a2fe140]
Event: 88.681 Thread 0x000001a96a07b600 24716       3       org.jetbrains.kotlin.protobuf.FieldSet::addRepeatedField (79 bytes)
Event: 88.681 Thread 0x000001a9720815f0 24322       4       org.jetbrains.kotlin.protobuf.ByteString::newOutput (11 bytes)
Event: 88.682 Thread 0x000001a96a07b600 nmethod 24716 0x000001a93bfb5590 code [0x000001a93bfb5800, 0x000001a93bfb6470]
Event: 88.683 Thread 0x000001a96a07b600 24717       3       org.jetbrains.kotlin.metadata.ProtoBuf$Annotation$Builder::mergeFrom (107 bytes)
Event: 88.683 Thread 0x000001a96a07b600 nmethod 24717 0x000001a93bfb6810 code [0x000001a93bfb6a60, 0x000001a93bfb7370]
Event: 88.684 Thread 0x000001a9720815f0 nmethod 24322 0x000001a94a2fe290 code [0x000001a94a2fe440, 0x000001a94a2fe7e8]
Event: 88.684 Thread 0x000001a9720815f0 24629       4       org.jetbrains.kotlin.protobuf.CodedOutputStream::flush (12 bytes)

GC Heap History (20 events):
Event: 56.351 GC heap before
{Heap before GC invocations=75 (full 0):
 garbage-first heap   total 499712K, used 387128K [0x0000000600000000, 0x0000000800000000)
  region size 4096K, 73 young (299008K), 4 survivors (16384K)
 Metaspace       used 161608K, committed 163648K, reserved 1245184K
  class space    used 21126K, committed 22080K, reserved 1048576K
}
Event: 56.364 GC heap after
{Heap after GC invocations=76 (full 0):
 garbage-first heap   total 499712K, used 107760K [0x0000000600000000, 0x0000000800000000)
  region size 4096K, 6 young (24576K), 6 survivors (24576K)
 Metaspace       used 161608K, committed 163648K, reserved 1245184K
  class space    used 21126K, committed 22080K, reserved 1048576K
}
Event: 56.794 GC heap before
{Heap before GC invocations=76 (full 0):
 garbage-first heap   total 499712K, used 382192K [0x0000000600000000, 0x0000000800000000)
  region size 4096K, 73 young (299008K), 6 survivors (24576K)
 Metaspace       used 161608K, committed 163648K, reserved 1245184K
  class space    used 21126K, committed 22080K, reserved 1048576K
}
Event: 56.804 GC heap after
{Heap after GC invocations=77 (full 0):
 garbage-first heap   total 499712K, used 113468K [0x0000000600000000, 0x0000000800000000)
  region size 4096K, 7 young (28672K), 7 survivors (28672K)
 Metaspace       used 161608K, committed 163648K, reserved 1245184K
  class space    used 21126K, committed 22080K, reserved 1048576K
}
Event: 57.158 GC heap before
{Heap before GC invocations=77 (full 0):
 garbage-first heap   total 499712K, used 383804K [0x0000000600000000, 0x0000000800000000)
  region size 4096K, 73 young (299008K), 7 survivors (28672K)
 Metaspace       used 161619K, committed 163648K, reserved 1245184K
  class space    used 21129K, committed 22080K, reserved 1048576K
}
Event: 57.171 GC heap after
{Heap after GC invocations=78 (full 0):
 garbage-first heap   total 602112K, used 112893K [0x0000000600000000, 0x0000000800000000)
  region size 4096K, 7 young (28672K), 7 survivors (28672K)
 Metaspace       used 161619K, committed 163648K, reserved 1245184K
  class space    used 21129K, committed 22080K, reserved 1048576K
}
Event: 57.681 GC heap before
{Heap before GC invocations=78 (full 0):
 garbage-first heap   total 602112K, used 444669K [0x0000000600000000, 0x0000000800000000)
  region size 4096K, 88 young (360448K), 7 survivors (28672K)
 Metaspace       used 161626K, committed 163648K, reserved 1245184K
  class space    used 21129K, committed 22080K, reserved 1048576K
}
Event: 57.687 GC heap after
{Heap after GC invocations=79 (full 0):
 garbage-first heap   total 602112K, used 102701K [0x0000000600000000, 0x0000000800000000)
  region size 4096K, 4 young (16384K), 4 survivors (16384K)
 Metaspace       used 161626K, committed 163648K, reserved 1245184K
  class space    used 21129K, committed 22080K, reserved 1048576K
}
Event: 58.318 GC heap before
{Heap before GC invocations=79 (full 0):
 garbage-first heap   total 602112K, used 446765K [0x0000000600000000, 0x0000000800000000)
  region size 4096K, 88 young (360448K), 4 survivors (16384K)
 Metaspace       used 161915K, committed 163904K, reserved 1245184K
  class space    used 21142K, committed 22080K, reserved 1048576K
}
Event: 58.339 GC heap after
{Heap after GC invocations=80 (full 0):
 garbage-first heap   total 602112K, used 135523K [0x0000000600000000, 0x0000000800000000)
  region size 4096K, 11 young (45056K), 11 survivors (45056K)
 Metaspace       used 161915K, committed 163904K, reserved 1245184K
  class space    used 21142K, committed 22080K, reserved 1048576K
}
Event: 85.955 GC heap before
{Heap before GC invocations=80 (full 0):
 garbage-first heap   total 602112K, used 450915K [0x0000000600000000, 0x0000000800000000)
  region size 4096K, 88 young (360448K), 11 survivors (45056K)
 Metaspace       used 169229K, committed 171264K, reserved 1245184K
  class space    used 22123K, committed 23104K, reserved 1048576K
}
Event: 85.986 GC heap after
{Heap after GC invocations=81 (full 0):
 garbage-first heap   total 602112K, used 174158K [0x0000000600000000, 0x0000000800000000)
  region size 4096K, 9 young (36864K), 9 survivors (36864K)
 Metaspace       used 169229K, committed 171264K, reserved 1245184K
  class space    used 22123K, committed 23104K, reserved 1048576K
}
Event: 86.925 GC heap before
{Heap before GC invocations=81 (full 0):
 garbage-first heap   total 602112K, used 497742K [0x0000000600000000, 0x0000000800000000)
  region size 4096K, 88 young (360448K), 9 survivors (36864K)
 Metaspace       used 169229K, committed 171264K, reserved 1245184K
  class space    used 22123K, committed 23104K, reserved 1048576K
}
Event: 86.942 GC heap after
{Heap after GC invocations=82 (full 0):
 garbage-first heap   total 602112K, used 179120K [0x0000000600000000, 0x0000000800000000)
  region size 4096K, 2 young (8192K), 2 survivors (8192K)
 Metaspace       used 169229K, committed 171264K, reserved 1245184K
  class space    used 22123K, committed 23104K, reserved 1048576K
}
Event: 87.713 GC heap before
{Heap before GC invocations=82 (full 0):
 garbage-first heap   total 602112K, used 539568K [0x0000000600000000, 0x0000000800000000)
  region size 4096K, 88 young (360448K), 2 survivors (8192K)
 Metaspace       used 174712K, committed 176768K, reserved 1245184K
  class space    used 22607K, committed 23552K, reserved 1048576K
}
Event: 87.735 GC heap after
{Heap after GC invocations=83 (full 0):
 garbage-first heap   total 724992K, used 221184K [0x0000000600000000, 0x0000000800000000)
  region size 4096K, 10 young (40960K), 10 survivors (40960K)
 Metaspace       used 174712K, committed 176768K, reserved 1245184K
  class space    used 22607K, committed 23552K, reserved 1048576K
}
Event: 88.132 GC heap before
{Heap before GC invocations=83 (full 0):
 garbage-first heap   total 724992K, used 610304K [0x0000000600000000, 0x0000000800000000)
  region size 4096K, 107 young (438272K), 10 survivors (40960K)
 Metaspace       used 175138K, committed 177280K, reserved 1245184K
  class space    used 22616K, committed 23616K, reserved 1048576K
}
Event: 88.158 GC heap after
{Heap after GC invocations=84 (full 0):
 garbage-first heap   total 724992K, used 228413K [0x0000000600000000, 0x0000000800000000)
  region size 4096K, 3 young (12288K), 3 survivors (12288K)
 Metaspace       used 175138K, committed 177280K, reserved 1245184K
  class space    used 22616K, committed 23616K, reserved 1048576K
}
Event: 88.501 GC heap before
{Heap before GC invocations=84 (full 0):
 garbage-first heap   total 724992K, used 629821K [0x0000000600000000, 0x0000000800000000)
  region size 4096K, 102 young (417792K), 3 survivors (12288K)
 Metaspace       used 175258K, committed 177408K, reserved 1245184K
  class space    used 22617K, committed 23616K, reserved 1048576K
}
Event: 88.508 GC heap after
{Heap after GC invocations=85 (full 0):
 garbage-first heap   total 724992K, used 232035K [0x0000000600000000, 0x0000000800000000)
  region size 4096K, 4 young (16384K), 4 survivors (16384K)
 Metaspace       used 175258K, committed 177408K, reserved 1245184K
  class space    used 22617K, committed 23616K, reserved 1048576K
}

Dll operation events (3 events):
Event: 0.008 Loaded shared library M:\kritsada2sub\android_file\jbr\bin\java.dll
Event: 0.011 Loaded shared library M:\kritsada2sub\android_file\jbr\bin\zip.dll
Event: 0.532 Loaded shared library M:\kritsada2sub\android_file\jbr\bin\verify.dll

Deoptimization events (20 events):
Event: 88.390 Thread 0x000001a96e855840 DEOPT PACKING pc=0x000001a93bca2844 sp=0x00000078bf5faa40
Event: 88.390 Thread 0x000001a96e855840 DEOPT UNPACKING pc=0x000001a948a34bc2 sp=0x00000078bf5f9ea8 mode 0
Event: 88.407 Thread 0x000001a970b736a0 DEOPT PACKING pc=0x000001a93bca2844 sp=0x00000078c56f6d70
Event: 88.407 Thread 0x000001a970b736a0 DEOPT UNPACKING pc=0x000001a948a34bc2 sp=0x00000078c56f61d8 mode 0
Event: 88.417 Thread 0x000001a970b736a0 DEOPT PACKING pc=0x000001a93bca2844 sp=0x00000078c56f6d70
Event: 88.417 Thread 0x000001a970b736a0 DEOPT UNPACKING pc=0x000001a948a34bc2 sp=0x00000078c56f61d8 mode 0
Event: 88.431 Thread 0x000001a970b736a0 DEOPT PACKING pc=0x000001a93bca2844 sp=0x00000078c56f6ac0
Event: 88.431 Thread 0x000001a970b736a0 DEOPT UNPACKING pc=0x000001a948a34bc2 sp=0x00000078c56f5f28 mode 0
Event: 88.454 Thread 0x000001a96e8516a0 DEOPT PACKING pc=0x000001a93bc97712 sp=0x00000078c32fa910
Event: 88.454 Thread 0x000001a96e8516a0 DEOPT UNPACKING pc=0x000001a948a34bc2 sp=0x00000078c32f9de0 mode 0
Event: 88.466 Thread 0x000001a96e8516a0 DEOPT PACKING pc=0x000001a93bc97712 sp=0x00000078c32fa610
Event: 88.466 Thread 0x000001a96e8516a0 DEOPT UNPACKING pc=0x000001a948a34bc2 sp=0x00000078c32f9ae0 mode 0
Event: 88.488 Thread 0x000001a96e8530e0 Uncommon trap: trap_request=0xffffff76 fr.pc=0x000001a94a2d5b88 relative=0x00000000000051c8
Event: 88.488 Thread 0x000001a96e8530e0 Uncommon trap: reason=predicate action=maybe_recompile pc=0x000001a94a2d5b88 method=org.jetbrains.org.objectweb.asm.ClassReader.readMethod(Lorg/jetbrains/org/objectweb/asm/ClassVisitor;Lorg/jetbrains/org/objectweb/asm/Context;I)I @ 928 c2
Event: 88.488 Thread 0x000001a96e8530e0 DEOPT PACKING pc=0x000001a94a2d5b88 sp=0x00000078c37fac40
Event: 88.488 Thread 0x000001a96e8530e0 DEOPT UNPACKING pc=0x000001a948a34422 sp=0x00000078c37fac38 mode 2
Event: 88.565 Thread 0x000001a96e8516a0 Uncommon trap: trap_request=0xffffff45 fr.pc=0x000001a94a2b95f0 relative=0x0000000000003cd0
Event: 88.565 Thread 0x000001a96e8516a0 Uncommon trap: reason=unstable_if action=reinterpret pc=0x000001a94a2b95f0 method=org.jetbrains.org.objectweb.asm.ClassWriter.toByteArray()[B @ 463 c2
Event: 88.565 Thread 0x000001a96e8516a0 DEOPT PACKING pc=0x000001a94a2b95f0 sp=0x00000078c32fa7f0
Event: 88.565 Thread 0x000001a96e8516a0 DEOPT UNPACKING pc=0x000001a948a34422 sp=0x00000078c32fa788 mode 2

Classes loaded (20 events):
Event: 61.426 Loading class java/util/IdentityHashMap$KeyIterator
Event: 61.426 Loading class java/util/IdentityHashMap$IdentityHashMapIterator
Event: 61.427 Loading class java/util/IdentityHashMap$IdentityHashMapIterator done
Event: 61.427 Loading class java/util/IdentityHashMap$KeyIterator done
Event: 61.504 Loading class java/util/TreeMap$KeySpliterator
Event: 61.504 Loading class java/util/TreeMap$KeySpliterator done
Event: 61.537 Loading class java/util/stream/ReferencePipeline$4
Event: 61.537 Loading class java/util/stream/IntPipeline$StatelessOp
Event: 61.538 Loading class java/util/stream/IntPipeline$StatelessOp done
Event: 61.538 Loading class java/util/stream/ReferencePipeline$4 done
Event: 61.538 Loading class java/util/stream/ReduceOps$6
Event: 61.538 Loading class java/util/stream/ReduceOps$6 done
Event: 61.538 Loading class java/util/stream/ReduceOps$5ReducingSink
Event: 61.538 Loading class java/util/stream/Sink$OfInt
Event: 61.539 Loading class java/util/stream/Sink$OfInt done
Event: 61.539 Loading class java/util/stream/ReduceOps$5ReducingSink done
Event: 61.539 Loading class java/util/stream/ReferencePipeline$4$1
Event: 61.539 Loading class java/util/stream/ReferencePipeline$4$1 done
Event: 61.604 Loading class java/util/regex/Pattern$Pos
Event: 61.604 Loading class java/util/regex/Pattern$Pos done

Classes unloaded (0 events):
No events

Classes redefined (0 events):
No events

Internal exceptions (20 events):
Event: 88.426 Thread 0x000001a96e855840 Exception <a 'sun/nio/fs/WindowsException'{0x000000061a519110}> (0x000000061a519110) 
thrown [s\src\hotspot\share\prims\jni.cpp, line 537]
Event: 88.427 Thread 0x000001a96e855840 Exception <a 'sun/nio/fs/WindowsException'{0x000000061a51d2b8}> (0x000000061a51d2b8) 
thrown [s\src\hotspot\share\prims\jni.cpp, line 537]
Event: 88.430 Thread 0x000001a96e855840 Exception <a 'sun/nio/fs/WindowsException'{0x0000000618a9ed78}> (0x0000000618a9ed78) 
thrown [s\src\hotspot\share\prims\jni.cpp, line 537]
Event: 88.453 Thread 0x000001a96e853770 Exception <a 'sun/nio/fs/WindowsException'{0x0000000618c50228}> (0x0000000618c50228) 
thrown [s\src\hotspot\share\prims\jni.cpp, line 537]
Event: 88.539 Thread 0x000001a96e8516a0 Exception <a 'sun/nio/fs/WindowsException'{0x00000006299c0d00}> (0x00000006299c0d00) 
thrown [s\src\hotspot\share\prims\jni.cpp, line 537]
Event: 88.546 Thread 0x000001a96e8516a0 Exception <a 'sun/nio/fs/WindowsException'{0x00000006299ed580}> (0x00000006299ed580) 
thrown [s\src\hotspot\share\prims\jni.cpp, line 537]
Event: 88.548 Thread 0x000001a96e8516a0 Exception <a 'sun/nio/fs/WindowsException'{0x00000006299f1720}> (0x00000006299f1720) 
thrown [s\src\hotspot\share\prims\jni.cpp, line 537]
Event: 88.551 Thread 0x000001a96e8516a0 Exception <a 'sun/nio/fs/WindowsException'{0x0000000629109388}> (0x0000000629109388) 
thrown [s\src\hotspot\share\prims\jni.cpp, line 537]
Event: 88.558 Thread 0x000001a96e8516a0 Exception <a 'sun/nio/fs/WindowsException'{0x0000000628fae638}> (0x0000000628fae638) 
thrown [s\src\hotspot\share\prims\jni.cpp, line 537]
Event: 88.558 Thread 0x000001a96e8516a0 Exception <a 'sun/nio/fs/WindowsException'{0x0000000628faf458}> (0x0000000628faf458) 
thrown [s\src\hotspot\share\prims\jni.cpp, line 537]
Event: 88.558 Thread 0x000001a96e8516a0 Exception <a 'sun/nio/fs/WindowsException'{0x0000000628fb0458}> (0x0000000628fb0458) 
thrown [s\src\hotspot\share\prims\jni.cpp, line 537]
Event: 88.559 Thread 0x000001a96e8516a0 Exception <a 'sun/nio/fs/WindowsException'{0x0000000628fb16a0}> (0x0000000628fb16a0) 
thrown [s\src\hotspot\share\prims\jni.cpp, line 537]
Event: 88.612 Thread 0x000001a96e8516a0 Exception <a 'sun/nio/fs/WindowsException'{0x0000000625f43dc0}> (0x0000000625f43dc0) 
thrown [s\src\hotspot\share\prims\jni.cpp, line 537]
Event: 88.618 Thread 0x000001a96e8516a0 Exception <a 'sun/nio/fs/WindowsException'{0x0000000625f6c010}> (0x0000000625f6c010) 
thrown [s\src\hotspot\share\prims\jni.cpp, line 537]
Event: 88.619 Thread 0x000001a96e8516a0 Exception <a 'sun/nio/fs/WindowsException'{0x0000000625f70148}> (0x0000000625f70148) 
thrown [s\src\hotspot\share\prims\jni.cpp, line 537]
Event: 88.621 Thread 0x000001a96e8516a0 Exception <a 'sun/nio/fs/WindowsException'{0x00000006257054c0}> (0x00000006257054c0) 
thrown [s\src\hotspot\share\prims\jni.cpp, line 537]
Event: 88.637 Thread 0x000001a96e8516a0 Exception <a 'sun/nio/fs/WindowsException'{0x00000006241e5bf0}> (0x00000006241e5bf0) 
thrown [s\src\hotspot\share\prims\jni.cpp, line 537]
Event: 88.637 Thread 0x000001a96e8516a0 Exception <a 'sun/nio/fs/WindowsException'{0x00000006241e6a10}> (0x00000006241e6a10) 
thrown [s\src\hotspot\share\prims\jni.cpp, line 537]
Event: 88.637 Thread 0x000001a96e8516a0 Exception <a 'sun/nio/fs/WindowsException'{0x00000006241e7a10}> (0x00000006241e7a10) 
thrown [s\src\hotspot\share\prims\jni.cpp, line 537]
Event: 88.637 Thread 0x000001a96e8516a0 Exception <a 'sun/nio/fs/WindowsException'{0x00000006241e8c58}> (0x00000006241e8c58) 
thrown [s\src\hotspot\share\prims\jni.cpp, line 537]

ZGC Phase Switch (0 events):
No events

VM Operations (20 events):
Event: 87.359 Executing non-safepoint VM operation: HandshakeAllThreads (Deoptimize)
Event: 87.359 Executing non-safepoint VM operation: HandshakeAllThreads (Deoptimize) done
Event: 87.366 Executing non-safepoint VM operation: HandshakeAllThreads (Deoptimize)
Event: 87.367 Executing non-safepoint VM operation: HandshakeAllThreads (Deoptimize) done
Event: 87.384 Executing non-safepoint VM operation: HandshakeAllThreads (Deoptimize)
Event: 87.384 Executing non-safepoint VM operation: HandshakeAllThreads (Deoptimize) done
Event: 87.539 Executing safepoint VM operation: ICBufferFull
Event: 87.540 Executing safepoint VM operation: ICBufferFull done
Event: 87.713 Executing safepoint VM operation: G1CollectForAllocation (G1 Evacuation Pause)
Event: 87.735 Executing safepoint VM operation: G1CollectForAllocation (G1 Evacuation Pause) done
Event: 88.010 Executing safepoint VM operation: ICBufferFull
Event: 88.011 Executing safepoint VM operation: ICBufferFull done
Event: 88.132 Executing safepoint VM operation: G1CollectForAllocation (G1 Evacuation Pause)
Event: 88.132 Executing safepoint VM operation: G1CollectForAllocation (G1 Evacuation Pause) done
Event: 88.132 Executing safepoint VM operation: G1CollectForAllocation (GCLocker Initiated GC)
Event: 88.158 Executing safepoint VM operation: G1CollectForAllocation (GCLocker Initiated GC) done
Event: 88.500 Executing safepoint VM operation: G1CollectForAllocation (G1 Evacuation Pause)
Event: 88.500 Executing safepoint VM operation: G1CollectForAllocation (G1 Evacuation Pause) done
Event: 88.500 Executing safepoint VM operation: G1CollectForAllocation (GCLocker Initiated GC)
Event: 88.508 Executing safepoint VM operation: G1CollectForAllocation (GCLocker Initiated GC) done

Memory protections (0 events):
No events

Nmethod flushes (20 events):
Event: 47.420 Thread 0x000001a96a008b60 flushing  nmethod 0x000001a939d33190
Event: 47.420 Thread 0x000001a96a008b60 flushing  nmethod 0x000001a939d51f90
Event: 47.420 Thread 0x000001a96a008b60 flushing  nmethod 0x000001a939d54810
Event: 47.420 Thread 0x000001a96a008b60 flushing  nmethod 0x000001a939d6f910
Event: 47.420 Thread 0x000001a96a008b60 flushing  nmethod 0x000001a939df5610
Event: 47.420 Thread 0x000001a96a008b60 flushing  nmethod 0x000001a939df6410
Event: 47.420 Thread 0x000001a96a008b60 flushing  nmethod 0x000001a939dfea10
Event: 47.420 Thread 0x000001a96a008b60 flushing  nmethod 0x000001a939e2b290
Event: 47.420 Thread 0x000001a96a008b60 flushing  nmethod 0x000001a939e2ba90
Event: 47.420 Thread 0x000001a96a008b60 flushing  nmethod 0x000001a939e8f410
Event: 47.420 Thread 0x000001a96a008b60 flushing  nmethod 0x000001a939e92690
Event: 47.420 Thread 0x000001a96a008b60 flushing  nmethod 0x000001a939e95510
Event: 47.420 Thread 0x000001a96a008b60 flushing  nmethod 0x000001a939ed0c10
Event: 47.420 Thread 0x000001a96a008b60 flushing  nmethod 0x000001a939ed1a10
Event: 47.420 Thread 0x000001a96a008b60 flushing  nmethod 0x000001a939ed2290
Event: 47.420 Thread 0x000001a96a008b60 flushing  nmethod 0x000001a939ed3090
Event: 47.420 Thread 0x000001a96a008b60 flushing  nmethod 0x000001a939ed8f90
Event: 47.420 Thread 0x000001a96a008b60 flushing  nmethod 0x000001a939fb4f90
Event: 47.420 Thread 0x000001a96a008b60 flushing  nmethod 0x000001a939fc2d10
Event: 47.420 Thread 0x000001a96a008b60 flushing  nmethod 0x000001a93a218e90

Events (20 events):
Event: 65.720 Thread 0x000001a970b736a0 Thread added: 0x000001a9134a8490
Event: 65.720 Thread 0x000001a970b736a0 Thread added: 0x000001a9134a8b20
Event: 66.261 Thread 0x000001a96a095790 Thread added: 0x000001a972080f20
Event: 67.386 Thread 0x000001a972080f20 Thread exited: 0x000001a972080f20
Event: 75.813 Thread 0x000001a970b736a0 Thread added: 0x000001a9134a91b0
Event: 75.813 Thread 0x000001a970b736a0 Thread added: 0x000001a9134a9ed0
Event: 75.813 Thread 0x000001a970b736a0 Thread added: 0x000001a9134aa560
Event: 75.813 Thread 0x000001a970b736a0 Thread added: 0x000001a9134ab280
Event: 75.813 Thread 0x000001a970b736a0 Thread added: 0x000001a9136b2520
Event: 75.814 Thread 0x000001a970b736a0 Thread added: 0x000001a9136af730
Event: 76.439 Thread 0x000001a970b736a0 Thread added: 0x000001a9136aea10
Event: 76.440 Thread 0x000001a970b736a0 Thread added: 0x000001a9136ad660
Event: 76.440 Thread 0x000001a970b736a0 Thread added: 0x000001a9136b1170
Event: 76.440 Thread 0x000001a970b736a0 Thread added: 0x000001a9136b1800
Event: 77.076 Thread 0x000001a96a07b600 Thread added: 0x000001a972083ed0
Event: 77.280 Thread 0x000001a972083ed0 Thread exited: 0x000001a972083ed0
Event: 77.388 Thread 0x000001a970b736a0 Thread added: 0x000001a9136af0a0
Event: 77.389 Thread 0x000001a970b736a0 Thread added: 0x000001a9136adcf0
Event: 87.295 Thread 0x000001a96a07b600 Thread added: 0x000001a972080f20
Event: 87.305 Thread 0x000001a96a07b600 Thread added: 0x000001a9720815f0


Dynamic libraries:
0x00007ff661f50000 - 0x00007ff661f5a000 	M:\kritsada2sub\android_file\jbr\bin\java.exe
0x00007ffad8730000 - 0x00007ffad8928000 	C:\Windows\SYSTEM32\ntdll.dll
0x00007ffad7e50000 - 0x00007ffad7f12000 	C:\Windows\System32\KERNEL32.DLL
0x00007ffad61b0000 - 0x00007ffad64a6000 	C:\Windows\System32\KERNELBASE.dll
0x00007ffad5f80000 - 0x00007ffad6080000 	C:\Windows\System32\ucrtbase.dll
0x00007ffabfe40000 - 0x00007ffabfe5b000 	M:\kritsada2sub\android_file\jbr\bin\VCRUNTIME140.dll
0x00007ffab9090000 - 0x00007ffab90a8000 	M:\kritsada2sub\android_file\jbr\bin\jli.dll
0x00007ffad75f0000 - 0x00007ffad7791000 	C:\Windows\System32\USER32.dll
0x00007ffad5df0000 - 0x00007ffad5e12000 	C:\Windows\System32\win32u.dll
0x00007ffabb5e0000 - 0x00007ffabb87b000 	C:\Windows\WinSxS\amd64_microsoft.windows.common-controls_6595b64144ccf1df_6.0.19041.6456_none_60b8a6cb71f64256\COMCTL32.dll
0x00007ffad6ad0000 - 0x00007ffad6afb000 	C:\Windows\System32\GDI32.dll
0x00007ffad68f0000 - 0x00007ffad698e000 	C:\Windows\System32\msvcrt.dll
0x00007ffad6580000 - 0x00007ffad6699000 	C:\Windows\System32\gdi32full.dll
0x00007ffad6110000 - 0x00007ffad61ad000 	C:\Windows\System32\msvcp_win.dll
0x00007ffad7120000 - 0x00007ffad714f000 	C:\Windows\System32\IMM32.DLL
0x00007ffac0620000 - 0x00007ffac062c000 	M:\kritsada2sub\android_file\jbr\bin\vcruntime140_1.dll
0x00007ffaa8630000 - 0x00007ffaa86bd000 	M:\kritsada2sub\android_file\jbr\bin\msvcp140.dll
0x00007ffa524a0000 - 0x00007ffa53136000 	M:\kritsada2sub\android_file\jbr\bin\server\jvm.dll
0x00007ffad7390000 - 0x00007ffad7441000 	C:\Windows\System32\ADVAPI32.dll
0x00007ffad7c80000 - 0x00007ffad7d1f000 	C:\Windows\System32\sechost.dll
0x00007ffad6750000 - 0x00007ffad6870000 	C:\Windows\System32\RPCRT4.dll
0x00007ffad5dc0000 - 0x00007ffad5de7000 	C:\Windows\System32\bcrypt.dll
0x00007ffad7320000 - 0x00007ffad738b000 	C:\Windows\System32\WS2_32.dll
0x00007ffad5b70000 - 0x00007ffad5bbb000 	C:\Windows\SYSTEM32\POWRPROF.dll
0x00007ffacbef0000 - 0x00007ffacbefa000 	C:\Windows\SYSTEM32\VERSION.dll
0x00007ffabb880000 - 0x00007ffabb8a7000 	C:\Windows\SYSTEM32\WINMM.dll
0x00007ffad5b50000 - 0x00007ffad5b62000 	C:\Windows\SYSTEM32\UMPDC.dll
0x00007ffad4590000 - 0x00007ffad45a2000 	C:\Windows\SYSTEM32\kernel.appcore.dll
0x00007ffabfed0000 - 0x00007ffabfeda000 	M:\kritsada2sub\android_file\jbr\bin\jimage.dll
0x00007ffad0090000 - 0x00007ffad0291000 	C:\Windows\SYSTEM32\DBGHELP.DLL
0x00007ffab0cf0000 - 0x00007ffab0d24000 	C:\Windows\SYSTEM32\dbgcore.DLL
0x00007ffad6080000 - 0x00007ffad6102000 	C:\Windows\System32\bcryptPrimitives.dll
0x00007ffacd000000 - 0x00007ffacd00e000 	M:\kritsada2sub\android_file\jbr\bin\instrument.dll
0x00007ffab8f30000 - 0x00007ffab8f50000 	M:\kritsada2sub\android_file\jbr\bin\java.dll
0x00007ffab8f10000 - 0x00007ffab8f28000 	M:\kritsada2sub\android_file\jbr\bin\zip.dll
0x00007ffad7f20000 - 0x00007ffad8690000 	C:\Windows\System32\SHELL32.dll
0x00007ffad0d70000 - 0x00007ffad1515000 	C:\Windows\SYSTEM32\windows.storage.dll
0x00007ffad7870000 - 0x00007ffad7bc4000 	C:\Windows\System32\combase.dll
0x00007ffad5630000 - 0x00007ffad565b000 	C:\Windows\SYSTEM32\Wldp.dll
0x00007ffad77a0000 - 0x00007ffad786d000 	C:\Windows\System32\OLEAUT32.dll
0x00007ffad7bd0000 - 0x00007ffad7c7d000 	C:\Windows\System32\SHCORE.dll
0x00007ffad8690000 - 0x00007ffad86eb000 	C:\Windows\System32\shlwapi.dll
0x00007ffad5cf0000 - 0x00007ffad5d14000 	C:\Windows\SYSTEM32\profapi.dll
0x00007ffabfe30000 - 0x00007ffabfe40000 	M:\kritsada2sub\android_file\jbr\bin\net.dll
0x00007ffacf100000 - 0x00007ffacf20a000 	C:\Windows\SYSTEM32\WINHTTP.dll
0x00007ffad5410000 - 0x00007ffad547a000 	C:\Windows\system32\mswsock.dll
0x00007ffaa92c0000 - 0x00007ffaa92d6000 	M:\kritsada2sub\android_file\jbr\bin\nio.dll
0x00007ffabf110000 - 0x00007ffabf120000 	M:\kritsada2sub\android_file\jbr\bin\verify.dll
0x00007ffacd010000 - 0x00007ffacd037000 	T:\gradle_cache\native\1def1411415f61bf3af743bc5b6707747c0891f09f0c88961ee8f79bc544acac\windows-amd64\native-platform.dll
0x00007ffacc870000 - 0x00007ffacc8e7000 	T:\gradle_cache\native\0.2.8\x86_64-windows-gnu\gradle-fileevents.dll
0x00007ffacd050000 - 0x00007ffacd059000 	M:\kritsada2sub\android_file\jbr\bin\management.dll
0x00007ffacd040000 - 0x00007ffacd04b000 	M:\kritsada2sub\android_file\jbr\bin\management_ext.dll
0x00007ffad7310000 - 0x00007ffad7318000 	C:\Windows\System32\PSAPI.DLL
0x00007ffad5110000 - 0x00007ffad514b000 	C:\Windows\SYSTEM32\IPHLPAPI.DLL
0x00007ffad70b0000 - 0x00007ffad70b8000 	C:\Windows\System32\NSI.dll
0x00007ffaa92b0000 - 0x00007ffaa92b9000 	M:\kritsada2sub\android_file\jbr\bin\extnet.dll
0x00007ffad5670000 - 0x00007ffad5688000 	C:\Windows\SYSTEM32\CRYPTSP.dll
0x00007ffad4d50000 - 0x00007ffad4d88000 	C:\Windows\system32\rsaenh.dll
0x00007ffad5cb0000 - 0x00007ffad5cde000 	C:\Windows\SYSTEM32\USERENV.dll
0x00007ffad55a0000 - 0x00007ffad55ac000 	C:\Windows\SYSTEM32\CRYPTBASE.dll
0x00007ffa9cd90000 - 0x00007ffa9cd97000 	C:\Windows\system32\wshunix.dll
0x00007ffad5150000 - 0x00007ffad521a000 	C:\Windows\SYSTEM32\DNSAPI.dll
0x00007ffacbeb0000 - 0x00007ffacbeba000 	C:\Windows\System32\rasadhlp.dll
0x00007ffac9960000 - 0x00007ffac99e0000 	C:\Windows\System32\fwpuclnt.dll

JVMTI agents:
T:\gradle_cache\wrapper\dists\gradle-9.1.0-all\7wzd0jkjit61aq2p43wpjgij9\gradle-9.1.0\lib\agents\gradle-instrumentation-agent-9.1.0.jar path:M:\kritsada2sub\android_file\jbr\bin\instrument.dll, loaded, initialized, instrumentlib options:none

dbghelp: loaded successfully - version: 4.0.5 - missing functions: none
symbol engine: initialized successfully - sym options: 0x614 - pdb path: .;M:\kritsada2sub\android_file\jbr\bin;C:\Windows\SYSTEM32;C:\Windows\WinSxS\amd64_microsoft.windows.common-controls_6595b64144ccf1df_6.0.19041.6456_none_60b8a6cb71f64256;M:\kritsada2sub\android_file\jbr\bin\server;T:\gradle_cache\native\1def1411415f61bf3af743bc5b6707747c0891f09f0c88961ee8f79bc544acac\windows-amd64;T:\gradle_cache\native\0.2.8\x86_64-windows-gnu

VM Arguments:
jvm_args: --add-opens=java.base/java.lang=ALL-UNNAMED --add-opens=java.base/java.lang.invoke=ALL-UNNAMED --add-opens=java.base/java.util=ALL-UNNAMED --add-opens=java.prefs/java.util.prefs=ALL-UNNAMED --add-exports=jdk.compiler/com.sun.tools.javac.api=ALL-UNNAMED --add-exports=jdk.compiler/com.sun.tools.javac.util=ALL-UNNAMED --add-opens=java.base/java.util=ALL-UNNAMED --add-opens=java.prefs/java.util.prefs=ALL-UNNAMED --add-opens=java.base/java.nio.charset=ALL-UNNAMED --add-opens=java.base/java.net=ALL-UNNAMED --add-opens=java.base/java.util.concurrent=ALL-UNNAMED --add-opens=java.base/java.util.concurrent.atomic=ALL-UNNAMED --add-opens=java.xml/javax.xml.namespace=ALL-UNNAMED --add-opens=java.base/java.time=ALL-UNNAMED -XX:MaxMetaspaceSize=4G -XX:ReservedCodeCacheSize=512m -XX:+HeapDumpOnOutOfMemoryError -Xmx8G -Dfile.encoding=UTF-8 -Duser.country=US -Duser.language=en -Duser.variant -javaagent:T:\gradle_cache\wrapper\dists\gradle-9.1.0-all\7wzd0jkjit61aq2p43wpjgij9\gradle-9.1.0\lib\agents\gradle-instrumentation-agent-9.1.0.jar 
java_command: org.gradle.launcher.daemon.bootstrap.GradleDaemon 9.1.0
java_class_path (initial): T:\gradle_cache\wrapper\dists\gradle-9.1.0-all\7wzd0jkjit61aq2p43wpjgij9\gradle-9.1.0\lib\gradle-daemon-main-9.1.0.jar
Launcher Type: SUN_STANDARD

[Global flags]
     intx CICompilerCount                          = 4                                         {product} {ergonomic}
     uint ConcGCThreads                            = 2                                         {product} {ergonomic}
     uint G1ConcRefinementThreads                  = 8                                         {product} {ergonomic}
   size_t G1HeapRegionSize                         = 4194304                                   {product} {ergonomic}
    uintx GCDrainStackTargetSize                   = 64                                        {product} {ergonomic}
     bool HeapDumpOnOutOfMemoryError               = true                                   {manageable} {command line}
   size_t InitialHeapSize                          = 134217728                                 {product} {ergonomic}
   size_t MarkStackSize                            = 4194304                                   {product} {ergonomic}
   size_t MaxHeapSize                              = 8589934592                                {product} {command line}
   size_t MaxMetaspaceSize                         = 4294967296                                {product} {command line}
   size_t MaxNewSize                               = 5150605312                                {product} {ergonomic}
   size_t MinHeapDeltaBytes                        = 4194304                                   {product} {ergonomic}
   size_t MinHeapSize                              = 8388608                                   {product} {ergonomic}
    uintx NonNMethodCodeHeapSize                   = 5839372                                {pd product} {ergonomic}
    uintx NonProfiledCodeHeapSize                  = 265515770                              {pd product} {ergonomic}
    uintx ProfiledCodeHeapSize                     = 265515770                              {pd product} {ergonomic}
    uintx ReservedCodeCacheSize                    = 536870912                              {pd product} {command line}
     bool SegmentedCodeCache                       = true                                      {product} {ergonomic}
   size_t SoftMaxHeapSize                          = 8589934592                             {manageable} {ergonomic}
     bool UseCompressedOops                        = true                           {product lp64_product} {ergonomic}
     bool UseG1GC                                  = true                                      {product} {ergonomic}
     bool UseLargePagesIndividualAllocation        = false                                  {pd product} {ergonomic}

Logging:
Log output configuration:
 #0: stdout all=warning uptime,level,tags foldmultilines=false
 #1: stderr all=off uptime,level,tags foldmultilines=false

Release file:
JAVA_VERSION="21.0.10" 
MODULES="java.base java.compiler java.datatransfer java.xml java.prefs java.desktop java.instrument java.logging java.management java.security.sasl java.naming java.rmi java.management.rmi java.net.http java.scripting java.security.jgss java.transaction.xa java.sql java.sql.rowset java.xml.crypto java.se java.smartcardio jdk.accessibility jdk.internal.jvmstat jdk.attach jdk.charsets jdk.internal.opt jdk.zipfs jdk.compiler jdk.crypto.ec jdk.crypto.cryptoki jdk.dynalink jdk.hotspot.agent jdk.httpserver jdk.internal.ed jdk.internal.le jdk.internal.vm.ci jdk.jartool jdk.javadoc jdk.jcmd jdk.jdeps jdk.jdwp.agent jdk.jdi jdk.jfr jdk.jlink jdk.jsobject jdk.localedata jdk.management jdk.management.agent jdk.management.jfr jdk.naming.dns jdk.naming.rmi jdk.net jdk.sctp jdk.security.auth jdk.security.jgss jdk.unsupported jdk.unsupported.desktop jdk.xml.dom" 
IMPLEMENTOR="JetBrains s.r.o." 
JAVA_RUNTIME_VERSION="21.0.10+-14961533-b1163.108" 
LIBC="default" 
OS_ARCH="x86_64" 
OS_NAME="Windows" 
SOURCE=".:git:1351622c2ff2" 

Environment Variables:
JAVA_HOME=M:\kritsada2sub\android_file\jbr
CLASSPATH=M:\kritsada2sub\coding\android\trexy_app\android\\gradle\wrapper\gradle-wrapper.jar
PATH=M:\kritsada2sub\android_file\jbr\bin;c:\Users\user\AppData\Roaming\Code\User\globalStorage\github.copilot-chat\debugCommand;c:\Users\user\AppData\Roaming\Code\User\globalStorage\github.copilot-chat\copilotCli;M:\kritsada2sub\programs\flutter_windows_3.44.0-stable\flutter\bin\;C:\Program Files\Common Files\Oracle\Java\javapath;C:\Windows\system32;C:\Windows;C:\Windows\System32\Wbem;C:\Windows\System32\WindowsPowerShell\v1.0\;C:\Windows\System32\OpenSSH\;C:\Program Files\Git\cmd;M:\Program Files\nodejs\;C:\Users\user\AppData\Local\Programs\Python\Python314\Scripts\;C:\Users\user\AppData\Local\Programs\Python\Python314\;C:\Users\user\AppData\Local\Microsoft\WindowsApps;C:\Users\user\AppData\Local\Programs\Microsoft VS Code\bin;C:\Users\user\AppData\Local\Python\bin;M:\kritsada2sub\programs\flutter_windows_3.44.0-stable\flutter\bin;M:\kritsada2sub\android_file\pub_cache\bin;C:\Program Files\nodejs;C:\Users\user\AppData\Roaming\npm;C:\Users\user\AppData\Local\Programs\DockerDesktop\resources\bin;c:\Users\user\.vscode\extensions\vscjava.vscode-java-debug-0.59.0\bundled\scripts\noConfigScripts;M:\kritsada2sub\programs\flutter_windows_3.44.0-stable\flutter\bin\mingit\cmd
USERNAME=user
LANG=en_US.UTF-8
OS=Windows_NT
PROCESSOR_IDENTIFIER=Intel64 Family 6 Model 165 Stepping 3, GenuineIntel
TMP=C:\Users\user\AppData\Local\Temp
TEMP=C:\Users\user\AppData\Local\Temp




Periodic native trim disabled

JNI global refs:
JNI global refs: 30, weak refs: 84

JNI global refs memory usage: 835, weak refs: 1465

Process memory usage:
Resident Set Size: 1209724K (14% of 8195296K total physical memory with 815144K free physical memory)

OOME stack traces (most recent first):
Classloader memory used:
Loader org.gradle.internal.classloader.VisitableURLClassLoader                         : 113M
Loader bootstrap                                                                       : 33003K
Loader org.gradle.initialization.MixInLegacyTypesClassLoader                           : 12411K
Loader org.gradle.internal.classloader.VisitableURLClassLoader$InstrumentingVisitableURLClassLoader: 7373K
Loader java.net.URLClassLoader                                                         : 5491K
Loader jdk.internal.loader.ClassLoaders$PlatformClassLoader                            : 498K
Loader jdk.internal.jrtfs.JrtFileSystemProvider$JrtFsLoader                            : 341K
Loader jdk.internal.loader.ClassLoaders$AppClassLoader                                 : 230K
Loader jdk.internal.reflect.DelegatingClassLoader                                      : 101K
Loader org.gradle.internal.classloader.VisitableURLClassLoader                         : 92720B

Classes loaded by more than one classloader:
Class Program                                                                         : loaded 4 times (x 72B)
Class org.jetbrains.kotlin.build.report.metrics.GradleBuildTime$Companion             : loaded 3 times (x 71B)
Class [Lorg.jetbrains.kotlin.build.report.metrics.GradleBuildTime;                    : loaded 3 times (x 69B)
Class org.jetbrains.kotlin.build.report.metrics.BuildMetricsReporter                  : loaded 3 times (x 70B)
Class org.jetbrains.kotlin.build.report.metrics.BuildTime                             : loaded 3 times (x 70B)
Class [Lorg.jetbrains.kotlin.build.report.metrics.BuildTime;                          : loaded 3 times (x 69B)
Class org.jetbrains.kotlin.build.report.metrics.GradleBuildTime                       : loaded 3 times (x 88B)
Class kotlin.jvm.internal.CollectionToArray                                           : loaded 2 times (x 71B)
Class org.jetbrains.org.objectweb.asm.TypeReference                                   : loaded 2 times (x 80B)
Class [Lorg.jetbrains.kotlin.metadata.ProtoBuf$Visibility;                            : loaded 2 times (x 69B)
Class org.jetbrains.kotlin.metadata.ProtoBuf$ContractOrBuilder                        : loaded 2 times (x 70B)
Class org.jetbrains.kotlin.load.kotlin.FileBasedKotlinClass$OuterAndInnerName         : loaded 2 times (x 72B)
Class kotlin.io.FilesKt__FileTreeWalkKt                                               : loaded 2 times (x 71B)
Class kotlin.sequences.FilteringSequence$iterator$1                                   : loaded 2 times (x 79B)
Class kotlin.sequences.SequencesKt__SequenceBuilderKt                                 : loaded 2 times (x 71B)
Class kotlin.collections.CollectionsKt__ReversedViewsKt                               : loaded 2 times (x 71B)
Class org.jetbrains.kotlin.incremental.classpathDiff.DirectoryOrJarReader             : loaded 2 times (x 70B)
Class jdk.internal.jimage.BasicImageReader                                            : loaded 2 times (x 95B)
Class org.gradle.internal.classloader.ClassLoaderHierarchy                            : loaded 2 times (x 70B)
Class [Lorg.jetbrains.kotlin.metadata.ProtoBuf$Modality;                              : loaded 2 times (x 69B)
Class org.jetbrains.kotlin.inline.InlineUtilKt                                        : loaded 2 times (x 71B)
Class org.jetbrains.org.objectweb.asm.tree.Util                                       : loaded 2 times (x 71B)
Class org.jetbrains.kotlin.metadata.deserialization.MetadataVersion$Companion         : loaded 2 times (x 71B)
Class org.gradle.api.internal.classpath.ManifestUtil                                  : loaded 2 times (x 71B)
Class org.jetbrains.kotlin.metadata.ProtoBuf$Effect$InvocationKind$1                  : loaded 2 times (x 74B)
Class org.jetbrains.kotlin.incremental.storage.ProtoMapValue                          : loaded 2 times (x 72B)
Class org.jetbrains.kotlin.protobuf.GeneratedMessageLite$1                            : loaded 2 times (x 71B)
Class org.jetbrains.kotlin.metadata.ProtoBuf$FunctionOrBuilder                        : loaded 2 times (x 70B)
Class org.jetbrains.kotlin.protobuf.GeneratedMessageLite$ExtendableMessageOrBuilder   : loaded 2 times (x 70B)
Class org.jetbrains.kotlin.incremental.classpathDiff.impl.BasicClassInfo              : loaded 2 times (x 72B)
Class org.jetbrains.kotlin.incremental.classpathDiff.impl.ClassListSnapshotterKt      : loaded 2 times (x 71B)
Class org.jetbrains.kotlin.protobuf.ByteString$Output                                 : loaded 2 times (x 86B)
Class org.jetbrains.kotlin.incremental.classpathDiff.impl.ClassListSnapshotterKt$WhenMappings: loaded 2 times (x 71B)
Class org.jetbrains.org.objectweb.asm.tree.FieldInsnNode                              : loaded 2 times (x 79B)
Class jdk.internal.jimage.decompressor.StringSharingDecompressorFactory               : loaded 2 times (x 74B)
Class org.jetbrains.kotlin.metadata.ProtoBuf$Effect$EffectType                        : loaded 2 times (x 82B)
Class org.jetbrains.kotlin.buildtools.internal.CompilationServiceProxy                : loaded 2 times (x 82B)
Class org.gradle.internal.classloader.DefaultClassLoaderFactory                       : loaded 2 times (x 82B)
Class org.jetbrains.kotlin.metadata.jvm.deserialization.JvmNameResolver               : loaded 2 times (x 80B)
Class org.jetbrains.org.objectweb.asm.ClassVisitor                                    : loaded 2 times (x 88B)
Class kotlin.sequences.SequencesKt___SequencesKt                                      : loaded 2 times (x 71B)
Class kotlin.collections.AbstractList$Companion                                       : loaded 2 times (x 71B)
Class org.gradle.internal.classloader.ClassLoaderVisitor                              : loaded 2 times (x 76B)
Class org.jetbrains.kotlin.inline.InlinePropertyAccessor                              : loaded 2 times (x 75B)
Class org.jetbrains.kotlin.metadata.deserialization.Flags$EnumLiteFlagField           : loaded 2 times (x 76B)
Class org.jetbrains.kotlin.metadata.ProtoBuf$Type$Argument$1                          : loaded 2 times (x 144B)
Class org.jetbrains.kotlin.metadata.jvm.JvmProtoBuf$StringTableTypesOrBuilder         : loaded 2 times (x 70B)
Class org.jetbrains.kotlin.com.intellij.util.io.IOUtil                                : loaded 2 times (x 71B)
Class org.jetbrains.org.objectweb.asm.tree.FrameNode                                  : loaded 2 times (x 79B)
Class org.jetbrains.org.objectweb.asm.ClassReader                                     : loaded 2 times (x 92B)
Class org.gradle.api.internal.classpath.EffectiveClassPath                            : loaded 2 times (x 90B)
Class org.jetbrains.kotlin.metadata.ProtoBuf$EnumEntry                                : loaded 2 times (x 121B)
Class [Lorg.jetbrains.kotlin.descriptors.CallableMemberDescriptor$Kind;               : loaded 2 times (x 69B)
Class org.jetbrains.kotlin.incremental.classpathDiff.impl.SingleClassSnapshotter      : loaded 2 times (x 71B)
Class kotlin.text.StringsKt__AppendableKt                                             : loaded 2 times (x 71B)
Class [Lorg.jetbrains.kotlin.buildtools.api.internal.KotlinCompilerVersion$Maturity;  : loaded 2 times (x 69B)
Class org.jetbrains.kotlin.buildtools.api.internal.KotlinCompilerVersion$Maturity     : loaded 2 times (x 79B)
Class org.jetbrains.kotlin.util.ModuleVisibilityHelper                                : loaded 2 times (x 70B)
Class [Lkotlin.reflect.KCallable;                                                     : loaded 2 times (x 69B)
Class org.jetbrains.kotlin.descriptors.DescriptorVisibilities$1                       : loaded 2 times (x 79B)
Class org.jetbrains.kotlin.protobuf.CodedOutputStream$ByteBufferOutputStream          : loaded 2 times (x 86B)
Class org.jetbrains.kotlin.incremental.classpathDiff.impl.ClassFile                   : loaded 2 times (x 72B)
Class org.jetbrains.kotlin.buildtools.api.jvm.ClassSnapshotGranularity                : loaded 2 times (x 79B)
Class org.gradle.api.internal.DefaultClassPathProvider                                : loaded 2 times (x 76B)
Class org.jetbrains.kotlin.descriptors.DescriptorVisibilities$2                       : loaded 2 times (x 79B)
Class org.jetbrains.kotlin.metadata.ProtoBuf$Modality                                 : loaded 2 times (x 82B)
Class org.jetbrains.kotlin.metadata.jvm.JvmProtoBuf$JvmFieldSignature                 : loaded 2 times (x 108B)
Class org.jetbrains.kotlin.protobuf.ExtensionRegistryLite                             : loaded 2 times (x 74B)
Class org.jetbrains.kotlin.incremental.classpathDiff.impl.ClassListSnapshotter        : loaded 2 times (x 70B)
Class kotlin.sequences.Sequence                                                       : loaded 2 times (x 70B)
Class kotlin.text.StringsKt__StringNumberConversionsJVMKt                             : loaded 2 times (x 71B)
Class [Lorg.gradle.api.internal.ClassPathProvider;                                    : loaded 2 times (x 69B)
Class org.gradle.api.internal.ClassPathProvider                                       : loaded 2 times (x 70B)
Class org.jetbrains.kotlin.metadata.jvm.deserialization.ClassMapperLite               : loaded 2 times (x 71B)
Class org.jetbrains.kotlin.descriptors.DescriptorVisibilities$3                       : loaded 2 times (x 79B)
Class org.jetbrains.kotlin.metadata.ProtoBuf$MemberKind                               : loaded 2 times (x 82B)
Class org.jetbrains.kotlin.metadata.jvm.deserialization.JvmNameResolverBase$Companion : loaded 2 times (x 71B)
Class org.jetbrains.kotlin.load.java.JvmAnnotationNames                               : loaded 2 times (x 71B)
Class org.gradle.internal.service.UnknownServiceException                             : loaded 2 times (x 83B)
Class org.jetbrains.kotlin.descriptors.DescriptorVisibilities$4                       : loaded 2 times (x 79B)
Class [Lorg.jetbrains.kotlin.protobuf.WireFormat$JavaType;                            : loaded 2 times (x 69B)
Class org.jetbrains.org.objectweb.asm.tree.TableSwitchInsnNode                        : loaded 2 times (x 79B)
Class [Lorg.jetbrains.org.objectweb.asm.Attribute;                                    : loaded 2 times (x 69B)
Class org.jetbrains.kotlin.descriptors.DescriptorVisibilities$5                       : loaded 2 times (x 79B)
Class org.jetbrains.kotlin.metadata.jvm.JvmProtoBuf$JvmPropertySignatureOrBuilder     : loaded 2 times (x 70B)
Class org.jetbrains.kotlin.protobuf.GeneratedMessageLite$ExtendableMessage            : loaded 2 times (x 113B)
Class org.jetbrains.kotlin.incremental.classpathDiff.MultifileClassKotlinClassSnapshot: loaded 2 times (x 76B)
Class org.jetbrains.kotlin.incremental.storage.ExternalizersKt                        : loaded 2 times (x 71B)
Class org.jetbrains.kotlin.descriptors.DescriptorVisibilities$6                       : loaded 2 times (x 79B)
Class org.jetbrains.kotlin.protobuf.CodedOutputStream$OutOfSpaceException             : loaded 2 times (x 82B)
Class org.jetbrains.kotlin.metadata.ProtoBuf$Annotation$Argument$Value                : loaded 2 times (x 127B)
Class kotlin.collections.ArraysKt___ArraysJvmKt                                       : loaded 2 times (x 71B)
Class kotlin.collections.CollectionsKt__CollectionsKt                                 : loaded 2 times (x 71B)
Class kotlin.text.StringsKt__RegexExtensionsJVMKt                                     : loaded 2 times (x 71B)
Class org.jetbrains.kotlin.descriptors.DescriptorVisibilities$7                       : loaded 2 times (x 79B)
Class kotlin._Assertions                                                              : loaded 2 times (x 71B)
Class org.gradle.internal.classpath.TransformedClassPath                              : loaded 2 times (x 96B)
Class org.gradle.internal.classloader.InstrumentingClassLoader                        : loaded 2 times (x 70B)
Class org.jetbrains.kotlin.incremental.storage.DoubleExternalizer                     : loaded 2 times (x 75B)
Class kotlin.jvm.internal.FunctionReference                                           : loaded 2 times (x 122B)
Class kotlin.jvm.internal.FunctionBase                                                : loaded 2 times (x 70B)
Class org.jetbrains.kotlin.descriptors.DescriptorVisibilities$8                       : loaded 2 times (x 79B)
Class org.jetbrains.kotlin.metadata.ProtoBuf$MemberKind$1                             : loaded 2 times (x 74B)
Class org.jetbrains.kotlin.metadata.jvm.JvmProtoBuf$StringTableTypes$RecordOrBuilder  : loaded 2 times (x 70B)
Class [Lorg.jetbrains.org.objectweb.asm.SymbolTable$Entry;                            : loaded 2 times (x 69B)
Class org.jetbrains.kotlin.resolve.jvm.JvmClassName                                   : loaded 2 times (x 76B)
Class kotlin.enums.EnumEntriesList                                                    : loaded 2 times (x 223B)
Class org.jetbrains.kotlin.buildtools.api.jvm.ClasspathEntrySnapshot                  : loaded 2 times (x 70B)
Class org.jetbrains.kotlin.com.google.common.base.Preconditions                       : loaded 2 times (x 71B)
Class org.jetbrains.kotlin.protobuf.GeneratedMessageLite$ExtendableBuilder            : loaded 2 times (x 138B)
Class org.jetbrains.kotlin.descriptors.DescriptorVisibilities$9                       : loaded 2 times (x 79B)
Class org.jetbrains.kotlin.metadata.jvm.JvmProtoBuf$StringTableTypes                  : loaded 2 times (x 110B)
Class kotlin.comparisons.ComparisonsKt___ComparisonsJvmKt                             : loaded 2 times (x 71B)
Class kotlin.collections.CollectionsKt__IteratorsJVMKt                                : loaded 2 times (x 71B)
Class org.jetbrains.kotlin.utils.CollectionsKt                                        : loaded 2 times (x 71B)
Class org.jetbrains.kotlin.metadata.jvm.JvmProtoBuf$StringTableTypes$1                : loaded 2 times (x 144B)
Class org.jetbrains.kotlin.metadata.ProtoBuf$PropertyOrBuilder                        : loaded 2 times (x 70B)
Class org.jetbrains.kotlin.metadata.ProtoBuf$Constructor$1                            : loaded 2 times (x 144B)
Class [Lorg.jetbrains.kotlin.com.intellij.openapi.diagnostic.LogLevel;                : loaded 2 times (x 69B)
Class org.jetbrains.org.objectweb.asm.tree.LabelNode                                  : loaded 2 times (x 80B)
Class org.gradle.internal.classloader.FilteringClassLoader                            : loaded 2 times (x 105B)
Class org.gradle.internal.service.ServiceLocator                                      : loaded 2 times (x 70B)
Class org.jetbrains.kotlin.incremental.storage.FloatExternalizer                      : loaded 2 times (x 75B)
Class org.jetbrains.kotlin.load.kotlin.header.ReadKotlinClassHeaderAnnotationVisitor$CollectStringArrayAnnotationVisitor: loaded 2 times (x 85B)
Class kotlin.Pair                                                                     : loaded 2 times (x 72B)
Class org.jetbrains.kotlin.incremental.impl.UtilsKt                                   : loaded 2 times (x 71B)
Class [Lkotlin.Function;                                                              : loaded 2 times (x 69B)
Class org.jetbrains.kotlin.incremental.classpathDiff.impl.KotlinClassHeaderClassVisitor: loaded 2 times (x 88B)
Class jdk.internal.jrtfs.JrtFileSystemProvider                                        : loaded 2 times (x 101B)
Class [Lorg.jetbrains.org.objectweb.asm.tree.AbstractInsnNode;                        : loaded 2 times (x 69B)
Class org.jetbrains.kotlin.incremental.classpathDiff.ExtraInfoExternalizer            : loaded 2 times (x 75B)
Class kotlin.io.CloseableKt                                                           : loaded 2 times (x 71B)
Class org.jetbrains.kotlin.incremental.classpathDiff.ClasspathEntrySnapshot           : loaded 2 times (x 72B)
Class kotlin.collections.CollectionsKt__MutableCollectionsKt                          : loaded 2 times (x 71B)
Class org.jetbrains.kotlin.buildtools.api.SharedApiClassesClassLoader                 : loaded 2 times (x 71B)
Class kotlin.reflect.KCallable                                                        : loaded 2 times (x 70B)
Class org.jetbrains.kotlin.metadata.deserialization.ProtoBufUtilKt                    : loaded 2 times (x 71B)
Class kotlin.io.TerminateException                                                    : loaded 2 times (x 82B)
Class kotlin.io.FilesKt__FilePathComponentsKt                                         : loaded 2 times (x 71B)
Class org.jetbrains.kotlin.protobuf.AbstractMessageLite$Builder                       : loaded 2 times (x 122B)
Class org.jetbrains.kotlin.protobuf.Internal$EnumLiteMap                              : loaded 2 times (x 70B)
Class org.jetbrains.kotlin.protobuf.GeneratedMessageLite                              : loaded 2 times (x 101B)
Class org.jetbrains.org.objectweb.asm.tree.InsnList                                   : loaded 2 times (x 103B)
Class org.jetbrains.org.objectweb.asm.tree.ModuleNode                                 : loaded 2 times (x 83B)
Class org.jetbrains.kotlin.metadata.deserialization.MetadataVersion                   : loaded 2 times (x 74B)
Class org.jetbrains.kotlin.incremental.classpathDiff.impl.InstanceBasedSnapshotter    : loaded 2 times (x 72B)
Class org.jetbrains.kotlin.descriptors.Visibilities$Unknown                           : loaded 2 times (x 79B)
Class org.jetbrains.kotlin.descriptors.Visibilities$Inherited                         : loaded 2 times (x 79B)
Class org.jetbrains.kotlin.protobuf.Parser                                            : loaded 2 times (x 70B)
Class org.jetbrains.org.objectweb.asm.tree.MethodInsnNode                             : loaded 2 times (x 79B)
Class org.jetbrains.org.objectweb.asm.tree.MethodNode                                 : loaded 2 times (x 110B)
Class org.jetbrains.kotlin.load.kotlin.KotlinJvmBinaryClass                           : loaded 2 times (x 70B)
Class kotlin.text.StringsKt__StringsKt                                                : loaded 2 times (x 71B)
Class org.jetbrains.kotlin.config.KotlinCompilerVersion                               : loaded 2 times (x 71B)
Class jdk.internal.jimage.ImageLocation                                               : loaded 2 times (x 90B)
Class [Lorg.jetbrains.kotlin.metadata.ProtoBuf$VersionRequirement$Level;              : loaded 2 times (x 69B)
Class org.jetbrains.kotlin.protobuf.WireFormat$JavaType                               : loaded 2 times (x 79B)
Class org.jetbrains.kotlin.incremental.classpathDiff.KotlinClassSnapshot              : loaded 2 times (x 74B)
Class org.jetbrains.org.objectweb.asm.ClassTooLargeException                          : loaded 2 times (x 83B)
Class org.jetbrains.kotlin.metadata.jvm.deserialization.JvmMemberSignature$Method     : loaded 2 times (x 75B)
Class org.gradle.internal.InternalTransformer                                         : loaded 2 times (x 70B)
Class org.jetbrains.kotlin.metadata.ProtoBuf$Property$Builder                         : loaded 2 times (x 197B)
Class org.jetbrains.kotlin.descriptors.Visibilities$PrivateToThis                     : loaded 2 times (x 79B)
Class org.jetbrains.kotlin.protobuf.SmallSortedMap$1                                  : loaded 2 times (x 130B)
Class org.jetbrains.kotlin.incremental.classpathDiff.impl.ExtraInfoGeneratorWithInlinedClassSnapshotting: loaded 2 times (x 74B)
Class org.jetbrains.org.objectweb.asm.tree.IntInsnNode                                : loaded 2 times (x 78B)
Class kotlin.collections.EmptyList                                                    : loaded 2 times (x 174B)
Class kotlin.collections.MapsKt__MapsJVMKt                                            : loaded 2 times (x 71B)
Class jdk.internal.jimage.ImageBufferCache$1                                          : loaded 2 times (x 83B)
Class org.gradle.internal.classloader.ClasspathUtil$1                                 : loaded 2 times (x 76B)
Class org.jetbrains.kotlin.metadata.ProtoBuf$Effect$EffectType$1                      : loaded 2 times (x 74B)
Class org.jetbrains.kotlin.metadata.ProtoBuf$EffectOrBuilder                          : loaded 2 times (x 70B)
Class org.jetbrains.kotlin.incremental.KotlinClassInfo$Companion                      : loaded 2 times (x 71B)
Class org.jetbrains.kotlin.protobuf.BoundedByteString                                 : loaded 2 times (x 112B)
Class org.jetbrains.kotlin.incremental.storage.DelegateDataExternalizer               : loaded 2 times (x 76B)
Class jdk.internal.jimage.ImageBufferCache$2                                          : loaded 2 times (x 91B)
Class org.gradle.api.internal.classpath.DefaultModuleRegistry$DefaultModule           : loaded 2 times (x 86B)
Class org.jetbrains.org.objectweb.asm.tree.TryCatchBlockNode                          : loaded 2 times (x 74B)
Class org.jetbrains.kotlin.descriptors.Visibilities$InvisibleFake                     : loaded 2 times (x 79B)
Class org.jetbrains.kotlin.protobuf.UninitializedMessageException                     : loaded 2 times (x 84B)
Class kotlin.NotImplementedError                                                      : loaded 2 times (x 82B)
Class org.jetbrains.kotlin.metadata.ProtoBuf$TypeParameter$Variance                   : loaded 2 times (x 82B)
Class org.jetbrains.kotlin.metadata.ProtoBuf$Annotation$Argument$Value$1              : loaded 2 times (x 144B)
Class org.jetbrains.kotlin.incremental.impl.SelectiveClassVisitor                     : loaded 2 times (x 88B)
Class org.jetbrains.kotlin.name.ClassId                                               : loaded 2 times (x 72B)
Class [Lorg.jetbrains.kotlin.metadata.ProtoBuf$Effect$InvocationKind;                 : loaded 2 times (x 69B)
Class org.jetbrains.kotlin.metadata.ProtoBuf$VersionRequirement$VersionKind           : loaded 2 times (x 82B)
Class org.jetbrains.kotlin.descriptors.Named                                          : loaded 2 times (x 70B)
Class org.jetbrains.kotlin.serialization.deserialization.ProtoEnumFlagsUtilsKt        : loaded 2 times (x 71B)
Class org.jetbrains.kotlin.metadata.ProtoBuf$Visibility$1                             : loaded 2 times (x 74B)
Class org.jetbrains.kotlin.metadata.jvm.JvmProtoBuf$StringTableTypes$Record$Operation$1: loaded 2 times (x 74B)
Class kotlin.collections.IndexingIterable                                             : loaded 2 times (x 79B)
Class org.jetbrains.kotlin.metadata.deserialization.NameResolver                      : loaded 2 times (x 70B)
Class org.jetbrains.kotlin.protobuf.GeneratedMessageLite$ExtensionDescriptor          : loaded 2 times (x 84B)
Class org.jetbrains.kotlin.protobuf.InvalidProtocolBufferException                    : loaded 2 times (x 84B)
Class org.jetbrains.org.objectweb.asm.tree.JumpInsnNode                               : loaded 2 times (x 78B)
Class org.jetbrains.org.objectweb.asm.FieldVisitor                                    : loaded 2 times (x 77B)
Class kotlin.collections.ArraysKt__ArraysKt                                           : loaded 2 times (x 71B)
Class org.jetbrains.kotlin.buildtools.api.CompilationService$Companion                : loaded 2 times (x 71B)
Class org.jetbrains.kotlin.protobuf.ByteString$ByteIterator                           : loaded 2 times (x 70B)
Class org.jetbrains.kotlin.incremental.classpathDiff.impl.ClassFileWithContents       : loaded 2 times (x 72B)
Class kotlin.collections.SetsKt__SetsJVMKt                                            : loaded 2 times (x 71B)
Class kotlin.Function                                                                 : loaded 2 times (x 70B)
Class org.gradle.api.internal.classpath.Module                                        : loaded 2 times (x 70B)
Class kotlin.internal.ProgressionUtilKt                                               : loaded 2 times (x 71B)
Class org.jetbrains.kotlin.metadata.deserialization.Flags$FlagField                   : loaded 2 times (x 73B)
Class kotlin.io.FileAlreadyExistsException                                            : loaded 2 times (x 82B)
Class org.gradle.api.internal.classpath.UnknownModuleException                        : loaded 2 times (x 82B)
Class org.jetbrains.kotlin.metadata.ProtoBuf$TypeAliasOrBuilder                       : loaded 2 times (x 70B)
Class [Lorg.jetbrains.kotlin.metadata.ProtoBuf$Class$Kind;                            : loaded 2 times (x 69B)
Class org.jetbrains.kotlin.incremental.classpathDiff.KotlinClassInfoExternalizer      : loaded 2 times (x 75B)
Class org.jetbrains.kotlin.incremental.storage.LongExternalizer                       : loaded 2 times (x 75B)
Class org.jetbrains.kotlin.incremental.classpathDiff.AccessibleClassSnapshot          : loaded 2 times (x 73B)
Class jdk.internal.jimage.ImageHeader                                                 : loaded 2 times (x 71B)
Class kotlin.collections.IndexingIterator                                             : loaded 2 times (x 79B)
Class org.jetbrains.kotlin.protobuf.LiteralByteString                                 : loaded 2 times (x 112B)
Class org.jetbrains.kotlin.protobuf.LazyFieldLite                                     : loaded 2 times (x 82B)
Class org.jetbrains.kotlin.descriptors.SourceElement                                  : loaded 2 times (x 70B)
Class org.jetbrains.kotlin.incremental.storage.JvmMethodSignatureExternalizer         : loaded 2 times (x 75B)
Class [Lkotlin.reflect.KAnnotatedElement;                                             : loaded 2 times (x 69B)
Class org.jetbrains.org.objectweb.asm.FieldWriter                                     : loaded 2 times (x 78B)
Class org.jetbrains.org.objectweb.asm.tree.VarInsnNode                                : loaded 2 times (x 78B)
Class org.jetbrains.org.objectweb.asm.MethodVisitor                                   : loaded 2 times (x 105B)
Class kotlin.io.ByteStreamsKt                                                         : loaded 2 times (x 71B)
Class org.gradle.api.internal.DefaultClassPathRegistry                                : loaded 2 times (x 76B)
Class org.jetbrains.kotlin.metadata.ProtoBuf$Type$Argument$Projection$1               : loaded 2 times (x 74B)
Class org.jetbrains.kotlin.protobuf.SmallSortedMap$EmptySet$1                         : loaded 2 times (x 78B)
Class org.jetbrains.kotlin.protobuf.AbstractMessageLite$Builder$LimitedInputStream    : loaded 2 times (x 92B)
Class org.gradle.api.internal.ClassPathRegistry                                       : loaded 2 times (x 70B)
Class org.gradle.internal.classpath.DefaultClassPath$ImmutableUniqueList              : loaded 2 times (x 199B)
Class org.jetbrains.kotlin.descriptors.Visibilities$Protected                         : loaded 2 times (x 79B)
Class org.jetbrains.kotlin.metadata.ProtoBuf$PackageOrBuilder                         : loaded 2 times (x 70B)
Class org.jetbrains.kotlin.metadata.jvm.JvmProtoBuf$JvmPropertySignature              : loaded 2 times (x 114B)
Class org.jetbrains.kotlin.metadata.ProtoBuf$ValueParameterOrBuilder                  : loaded 2 times (x 70B)
Class org.jetbrains.kotlin.protobuf.SmallSortedMap$EmptySet$2                         : loaded 2 times (x 78B)
Class org.jetbrains.org.objectweb.asm.ByteVector                                      : loaded 2 times (x 78B)
Class kotlin.text.StringsKt__StringsJVMKt                                             : loaded 2 times (x 71B)
Class org.jetbrains.kotlin.buildtools.api.KotlinBuildToolsException                   : loaded 2 times (x 82B)
Class jdk.internal.jimage.decompressor.ResourceDecompressor                           : loaded 2 times (x 70B)
Class org.jetbrains.kotlin.descriptors.DeclarationDescriptor                          : loaded 2 times (x 70B)
Class org.jetbrains.kotlin.incremental.storage.InlinePropertyAccessorExternalizer     : loaded 2 times (x 75B)
Class org.jetbrains.kotlin.descriptors.DescriptorVisibilities                         : loaded 2 times (x 71B)
Class org.jetbrains.kotlin.load.kotlin.KotlinJvmBinaryClass$AnnotationArrayArgumentVisitor: loaded 2 times (x 70B)
Class [Lorg.jetbrains.org.objectweb.asm.AnnotationWriter;                             : loaded 2 times (x 69B)
Class org.jetbrains.org.objectweb.asm.tree.LookupSwitchInsnNode                       : loaded 2 times (x 78B)
Class org.jetbrains.org.objectweb.asm.tree.FieldNode                                  : loaded 2 times (x 80B)
Class org.jetbrains.kotlin.name.FqNameUnsafe$Companion                                : loaded 2 times (x 71B)
Class kotlin.collections.SetsKt                                                       : loaded 2 times (x 71B)
Class kotlin.text.StringsKt__IndentKt                                                 : loaded 2 times (x 71B)
Class org.jetbrains.org.objectweb.asm.tree.MethodNode$1                               : loaded 2 times (x 209B)
Class Settings_gradle$1                                                               : loaded 2 times (x 74B)
Class org.gradle.internal.classpath.ClassPath                                         : loaded 2 times (x 70B)
Class kotlin.reflect.KFunction                                                        : loaded 2 times (x 70B)
Class org.jetbrains.kotlin.metadata.deserialization.TypeTable                         : loaded 2 times (x 72B)
Class org.jetbrains.kotlin.load.kotlin.FileBasedKotlinClass$1                         : loaded 2 times (x 88B)
Class org.jetbrains.kotlin.incremental.classpathDiff.impl.InnerClassesClassVisitor    : loaded 2 times (x 88B)
Class kotlin.sequences.SequencesKt__SequencesKt$asSequence$$inlined$Sequence$1        : loaded 2 times (x 75B)
Class org.jetbrains.kotlin.buildtools.api.internal.KotlinCompilerVersion              : loaded 2 times (x 75B)
Class org.jetbrains.kotlin.metadata.ProtoBuf$Type$ArgumentOrBuilder                   : loaded 2 times (x 70B)
Class org.jetbrains.kotlin.protobuf.GeneratedMessageLite$GeneratedExtension           : loaded 2 times (x 79B)
Class org.jetbrains.kotlin.com.intellij.openapi.diagnostic.Logger                     : loaded 2 times (x 99B)
Class org.jetbrains.kotlin.load.kotlin.FileBasedKotlinClass$2                         : loaded 2 times (x 88B)
Class kotlin.collections.MapsKt__MapsKt                                               : loaded 2 times (x 71B)
Class org.jetbrains.kotlin.incremental.classpathDiff.ClasspathEntrySnapshotter$Settings: loaded 2 times (x 72B)
Class org.jetbrains.kotlin.cli.common.arguments.Freezable                             : loaded 2 times (x 72B)
Class org.jetbrains.kotlin.metadata.ProtoBuf$Class                                    : loaded 2 times (x 177B)
Class org.jetbrains.kotlin.metadata.ProtoBuf$Property$1                               : loaded 2 times (x 144B)
Class org.jetbrains.kotlin.metadata.ProtoBuf$Type                                     : loaded 2 times (x 145B)
Class org.jetbrains.org.objectweb.asm.ClassWriter                                     : loaded 2 times (x 106B)
Class org.jetbrains.kotlin.load.kotlin.FileBasedKotlinClass$3                         : loaded 2 times (x 78B)
Class jdk.internal.jimage.ImageStringsReader                                          : loaded 2 times (x 80B)
Class org.jetbrains.kotlin.incremental.DifferenceCalculatorForPackageFacade$Companion$membersResolvers$1: loaded 2 times (x 125B)
Class org.jetbrains.kotlin.incremental.storage.StringExternalizer                     : loaded 2 times (x 75B)
Class org.jetbrains.kotlin.load.kotlin.FileBasedKotlinClass$4                         : loaded 2 times (x 88B)
Class kotlin.UninitializedPropertyAccessException                                     : loaded 2 times (x 82B)
Class org.jetbrains.kotlin.metadata.ProtoBuf$Annotation$Argument                      : loaded 2 times (x 108B)
Class org.jetbrains.org.objectweb.asm.tree.LocalVariableNode                          : loaded 2 times (x 73B)
Class org.jetbrains.kotlin.incremental.DifferenceCalculatorForPackageFacade$Companion$membersResolvers$2: loaded 2 times (x 125B)
Class org.jetbrains.kotlin.metadata.ProtoBuf$Class$Kind                               : loaded 2 times (x 82B)
Class org.jetbrains.kotlin.protobuf.GeneratedMessageLite$Builder                      : loaded 2 times (x 128B)
Class org.jetbrains.kotlin.protobuf.WireFormat$FieldType$1                            : loaded 2 times (x 83B)
Class org.jetbrains.kotlin.metadata.jvm.JvmProtoBuf$JvmMethodSignatureOrBuilder       : loaded 2 times (x 70B)
Class org.jetbrains.kotlin.protobuf.ByteString                                        : loaded 2 times (x 108B)
Class [Lorg.jetbrains.kotlin.buildtools.api.jvm.ClassSnapshotGranularity;             : loaded 2 times (x 69B)
Class jdk.internal.jimage.ImageReader                                                 : loaded 2 times (x 75B)
Class org.jetbrains.kotlin.incremental.DifferenceCalculatorForPackageFacade$Companion$membersResolvers$3: loaded 2 times (x 125B)
Class org.jetbrains.kotlin.metadata.ProtoBuf$TypeParameter                            : loaded 2 times (x 130B)
Class org.jetbrains.kotlin.metadata.ProtoBuf$ValueParameter$1                         : loaded 2 times (x 144B)
Class [Lorg.jetbrains.kotlin.protobuf.WireFormat$FieldType;                           : loaded 2 times (x 69B)
Class org.jetbrains.kotlin.protobuf.WireFormat$FieldType$2                            : loaded 2 times (x 83B)
Class jdk.internal.jimage.ImageReader$SharedImageReader                               : loaded 2 times (x 95B)
Class org.gradle.internal.installation.GradleInstallation$1                           : loaded 2 times (x 75B)
Class org.gradle.api.internal.classpath.ModuleRegistry                                : loaded 2 times (x 70B)
Class org.jetbrains.kotlin.protobuf.WireFormat$FieldType$3                            : loaded 2 times (x 83B)
Class org.jetbrains.org.objectweb.asm.AnnotationVisitor                               : loaded 2 times (x 78B)
Class jdk.internal.jimage.decompressor.ResourceDecompressorFactory                    : loaded 2 times (x 74B)
Class org.jetbrains.kotlin.metadata.ProtoBuf$VersionRequirement$Level                 : loaded 2 times (x 82B)
Class org.jetbrains.kotlin.metadata.ProtoBuf$VersionRequirementOrBuilder              : loaded 2 times (x 70B)
Class org.jetbrains.kotlin.descriptors.Visibilities$Internal                          : loaded 2 times (x 79B)
Class [Lorg.jetbrains.kotlin.metadata.ProtoBuf$Annotation$Argument$Value$Type;        : loaded 2 times (x 69B)
Class org.jetbrains.kotlin.metadata.ProtoBuf$Contract$1                               : loaded 2 times (x 144B)
Class org.jetbrains.kotlin.metadata.ProtoBuf$Type$1                                   : loaded 2 times (x 144B)
Class org.jetbrains.kotlin.protobuf.WireFormat$FieldType$4                            : loaded 2 times (x 83B)
Class org.jetbrains.kotlin.metadata.jvm.JvmProtoBuf$JvmMethodSignature$1              : loaded 2 times (x 144B)
Class org.jetbrains.kotlin.load.kotlin.FileBasedKotlinClass$3$1                       : loaded 2 times (x 78B)
Class org.jetbrains.kotlin.name.FqNameUnsafe                                          : loaded 2 times (x 72B)
Class org.jetbrains.kotlin.metadata.ProtoBuf$Expression                               : loaded 2 times (x 120B)
Class org.jetbrains.kotlin.incremental.classpathDiff.impl.PrefixBasedSnapshotter$getRangeByPredicate$1: loaded 2 times (x 79B)
Class org.jetbrains.kotlin.incremental.storage.CollectionExternalizerV2               : loaded 2 times (x 80B)
Class kotlin.io.FilesKt__UtilsKt                                                      : loaded 2 times (x 71B)
Class kotlin.collections.CollectionsKt__CollectionsJVMKt                              : loaded 2 times (x 71B)
Class jdk.internal.jimage.ImageReader$Node                                            : loaded 2 times (x 84B)
Class org.gradle.api.internal.classpath.DefaultModuleRegistry                         : loaded 2 times (x 86B)
Class org.jetbrains.kotlin.metadata.ProtoBuf$Annotation$Argument$1                    : loaded 2 times (x 144B)
Class org.jetbrains.kotlin.metadata.deserialization.Flags$BooleanFlagField            : loaded 2 times (x 76B)
Class kotlin.collections.IndexedValue                                                 : loaded 2 times (x 72B)
Class org.jetbrains.kotlin.metadata.ProtoBuf$Function$1                               : loaded 2 times (x 144B)
Class org.jetbrains.kotlin.metadata.jvm.deserialization.JvmProtoBufUtil               : loaded 2 times (x 71B)
Class org.jetbrains.org.objectweb.asm.AnnotationWriter                                : loaded 2 times (x 79B)
Class org.jetbrains.kotlin.load.kotlin.KotlinJvmBinaryClass$AnnotationVisitor         : loaded 2 times (x 70B)
Class kotlin.sequences.SequencesKt                                                    : loaded 2 times (x 71B)
Class kotlin.collections.CollectionsKt__IteratorsKt                                   : loaded 2 times (x 71B)
Class org.jetbrains.kotlin.metadata.ProtoBuf$Annotation$Argument$Value$Type           : loaded 2 times (x 82B)
Class jdk.internal.jimage.BasicImageReader$1                                          : loaded 2 times (x 77B)
Class org.jetbrains.kotlin.com.intellij.openapi.diagnostic.Logger$DefaultFactory      : loaded 2 times (x 74B)
Class kotlin.text.StringsKt                                                           : loaded 2 times (x 71B)
Class org.jetbrains.kotlin.descriptors.Visibilities$Private                           : loaded 2 times (x 79B)
Class kotlin.LazyKt__LazyJVMKt                                                        : loaded 2 times (x 71B)
Class org.jetbrains.kotlin.metadata.ProtoBuf$VersionRequirement$VersionKind$1         : loaded 2 times (x 74B)
Class org.jetbrains.kotlin.metadata.ProtoBuf$Annotation$1                             : loaded 2 times (x 144B)
Class org.jetbrains.kotlin.protobuf.AbstractParser                                    : loaded 2 times (x 144B)
Class org.jetbrains.kotlin.incremental.storage.ListExternalizer                       : loaded 2 times (x 80B)
Class kotlin.io.FilesKt__FileReadWriteKt                                              : loaded 2 times (x 71B)
Class kotlin.text.StringsKt__StringNumberConversionsKt                                : loaded 2 times (x 71B)
Class org.jetbrains.kotlin.buildtools.api.CompilerArgumentsParseException             : loaded 2 times (x 82B)
Class jdk.internal.jimage.decompressor.Decompressor                                   : loaded 2 times (x 72B)
Class org.gradle.internal.service.ServiceLookupException                              : loaded 2 times (x 82B)
Class org.jetbrains.kotlin.metadata.ProtoBuf$Expression$ConstantValue                 : loaded 2 times (x 82B)
Class [Lorg.jetbrains.kotlin.protobuf.Internal$EnumLite;                              : loaded 2 times (x 69B)
Class org.jetbrains.kotlin.com.intellij.openapi.diagnostic.LogLevel                   : loaded 2 times (x 79B)
Class org.jetbrains.kotlin.incremental.classpathDiff.InaccessibleClassSnapshot        : loaded 2 times (x 71B)
Class org.gradle.internal.classloader.ClassLoaderFactory                              : loaded 2 times (x 70B)
Class org.jetbrains.org.objectweb.asm.tree.ParameterNode                              : loaded 2 times (x 73B)
Class org.jetbrains.kotlin.incremental.classpathDiff.impl.PrefixBasedSnapshotter      : loaded 2 times (x 72B)
Class org.jetbrains.kotlin.incremental.classpathDiff.impl.ClassListSnapshotterWithInlinedClassSupport$ClassDescriptorForProcessing: loaded 2 times (x 72B)
Class org.gradle.internal.service.CachingServiceLocator                               : loaded 2 times (x 82B)
Class kotlin.jvm.internal.CallableReference                                           : loaded 2 times (x 106B)
Class org.jetbrains.kotlin.descriptors.Visibilities$Public                            : loaded 2 times (x 79B)
Class org.jetbrains.kotlin.protobuf.ExtensionRegistryLite$ObjectIntPair               : loaded 2 times (x 72B)
Class org.jetbrains.kotlin.metadata.ProtoBuf$Class$1                                  : loaded 2 times (x 144B)
Class org.jetbrains.kotlin.load.kotlin.header.ReadKotlinClassHeaderAnnotationVisitor$KotlinMetadataArgumentVisitor$1: loaded 2 times (x 85B)
Class org.jetbrains.kotlin.com.intellij.util.io.IOUtil$1                              : loaded 2 times (x 83B)
Class org.jetbrains.kotlin.metadata.ProtoBuf$VersionRequirement$1                     : loaded 2 times (x 144B)
Class [Lkotlin.reflect.KFunction;                                                     : loaded 2 times (x 69B)
Class org.jetbrains.kotlin.metadata.jvm.JvmProtoBuf$StringTableTypes$Record$1         : loaded 2 times (x 144B)
Class org.jetbrains.kotlin.load.kotlin.header.ReadKotlinClassHeaderAnnotationVisitor$KotlinMetadataArgumentVisitor$2: loaded 2 times (x 85B)
Class org.jetbrains.kotlin.com.intellij.util.io.IOUtil$2                              : loaded 2 times (x 76B)
Class org.jetbrains.org.objectweb.asm.tree.AnnotationNode                             : loaded 2 times (x 80B)
Class org.jetbrains.kotlin.incremental.classpathDiff.ClassSnapshot                    : loaded 2 times (x 71B)
Class org.jetbrains.kotlin.metadata.jvm.deserialization.JvmNameResolverKt             : loaded 2 times (x 71B)
Class org.jetbrains.kotlin.descriptors.CallableMemberDescriptor$Kind                  : loaded 2 times (x 79B)
Class org.jetbrains.kotlin.metadata.ProtoBuf$TypeParameterOrBuilder                   : loaded 2 times (x 70B)
Class org.jetbrains.kotlin.metadata.ProtoBuf$Property                                 : loaded 2 times (x 172B)
Class org.jetbrains.org.objectweb.asm.Type                                            : loaded 2 times (x 72B)
Class org.jetbrains.kotlin.name.FqName                                                : loaded 2 times (x 72B)
Class kotlin.enums.EnumEntries                                                        : loaded 2 times (x 70B)
Class org.jetbrains.kotlin.build.report.metrics.DoNothingBuildMetricsReporter         : loaded 2 times (x 87B)
Class org.jetbrains.kotlin.buildtools.api.internal.KotlinCompilerVersionKt            : loaded 2 times (x 71B)
Class org.jetbrains.org.objectweb.asm.TypePath                                        : loaded 2 times (x 72B)
Class org.jetbrains.kotlin.metadata.jvm.deserialization.UtfEncodingKt                 : loaded 2 times (x 71B)
Class org.jetbrains.kotlin.metadata.jvm.JvmProtoBuf$JvmFieldSignature$1               : loaded 2 times (x 144B)
Class org.jetbrains.kotlin.metadata.ProtoBuf$TypeTable                                : loaded 2 times (x 109B)
Class org.jetbrains.kotlin.metadata.jvm.JvmProtoBuf$JvmMethodSignature                : loaded 2 times (x 108B)
Class org.jetbrains.kotlin.protobuf.MessageLiteOrBuilder                              : loaded 2 times (x 70B)
Class org.jetbrains.kotlin.load.kotlin.header.ReadKotlinClassHeaderAnnotationVisitor$KotlinMetadataArgumentVisitor: loaded 2 times (x 86B)
Class org.jetbrains.kotlin.name.ClassId$Companion                                     : loaded 2 times (x 71B)
Class org.jetbrains.kotlin.incremental.storage.InlineFunctionExternalizer             : loaded 2 times (x 75B)
Class org.jetbrains.kotlin.metadata.ProtoBuf$AnnotationOrBuilder                      : loaded 2 times (x 70B)
Class org.jetbrains.kotlin.protobuf.WireFormat$FieldType                              : loaded 2 times (x 83B)
Class org.jetbrains.kotlin.com.intellij.openapi.diagnostic.Logger$Factory             : loaded 2 times (x 70B)
Class org.jetbrains.kotlin.load.kotlin.FileBasedKotlinClass                           : loaded 2 times (x 90B)
Class org.jetbrains.kotlin.buildtools.internal.ClasspathEntrySnapshotImpl             : loaded 2 times (x 76B)
Class jdk.internal.jimage.ImageBufferCache                                            : loaded 2 times (x 71B)
Class jdk.internal.jrtfs.JrtPath                                                      : loaded 2 times (x 118B)
Class org.gradle.internal.classloader.ClasspathUtil                                   : loaded 2 times (x 71B)
Class org.jetbrains.kotlin.metadata.ProtoBuf$TypeAlias                                : loaded 2 times (x 140B)
Class [Lorg.jetbrains.kotlin.metadata.ProtoBuf$TypeParameter$Variance;                : loaded 2 times (x 69B)
Class org.jetbrains.kotlin.metadata.ProtoBuf$Constructor                              : loaded 2 times (x 130B)
Class org.jetbrains.kotlin.inline.InlineUtilKt$WhenMappings                           : loaded 2 times (x 71B)
Class org.jetbrains.kotlin.metadata.jvm.deserialization.JvmMemberSignature            : loaded 2 times (x 74B)
Class org.jetbrains.kotlin.load.kotlin.header.KotlinClassHeader$Kind                  : loaded 2 times (x 79B)
Class org.jetbrains.kotlin.load.kotlin.KotlinJvmBinaryClass$AnnotationArgumentVisitor : loaded 2 times (x 70B)
Class kotlin.io.FileSystemException                                                   : loaded 2 times (x 82B)
Class org.jetbrains.kotlin.resolve.scopes.receivers.ReceiverValue                     : loaded 2 times (x 70B)
Class org.jetbrains.kotlin.incremental.storage.IntExternalizer                        : loaded 2 times (x 75B)
Class org.jetbrains.kotlin.metadata.jvm.JvmProtoBuf$JvmMethodSignature$Builder        : loaded 2 times (x 134B)
Class org.jetbrains.kotlin.metadata.ProtoBuf$VersionRequirementTableOrBuilder         : loaded 2 times (x 70B)
Class org.jetbrains.kotlin.metadata.jvm.JvmProtoBuf$JvmFieldSignatureOrBuilder        : loaded 2 times (x 70B)
Class kotlin.jvm.internal.DefaultConstructorMarker                                    : loaded 2 times (x 71B)
Class org.jetbrains.org.objectweb.asm.ModuleVisitor                                   : loaded 2 times (x 81B)
Class org.gradle.api.specs.Spec                                                       : loaded 2 times (x 70B)
Class org.jetbrains.kotlin.descriptors.DelegatedDescriptorVisibility                  : loaded 2 times (x 79B)
Class org.jetbrains.kotlin.serialization.deserialization.ProtoEnumFlagsUtilsKt$WhenMappings: loaded 2 times (x 71B)
Class org.jetbrains.kotlin.load.kotlin.header.KotlinClassHeader                       : loaded 2 times (x 72B)
Class org.jetbrains.kotlin.incremental.storage.MapExternalizer                        : loaded 2 times (x 80B)
Class org.jetbrains.kotlin.name.Name                                                  : loaded 2 times (x 75B)
Class org.jetbrains.kotlin.metadata.deserialization.Flags                             : loaded 2 times (x 71B)
Class org.jetbrains.kotlin.incremental.KotlinClassInfo$ExtraInfo                      : loaded 2 times (x 72B)
Class org.jetbrains.kotlin.metadata.ProtoBuf$TypeTable$1                              : loaded 2 times (x 144B)
Class org.jetbrains.org.objectweb.asm.Symbol                                          : loaded 2 times (x 73B)
Class kotlin.collections.EmptyIterator                                                : loaded 2 times (x 89B)
Class org.jetbrains.kotlin.incremental.ClassProtoData                                 : loaded 2 times (x 72B)
Class org.jetbrains.kotlin.inline.InlineFunctionOrAccessor                            : loaded 2 times (x 70B)
Class org.jetbrains.kotlin.metadata.ProtoBuf$Function                                 : loaded 2 times (x 161B)
Class org.jetbrains.kotlin.incremental.classpathDiff.impl.BasicClassInfoClassVisitor  : loaded 2 times (x 88B)
Class kotlin.SynchronizedLazyImpl                                                     : loaded 2 times (x 76B)
Class kotlin.text.StringsKt__RegexExtensionsKt                                        : loaded 2 times (x 71B)
Class jdk.internal.jimage.decompressor.ResourceDecompressorRepository                 : loaded 2 times (x 71B)
Class org.jetbrains.kotlin.metadata.ProtoBuf$Effect$InvocationKind                    : loaded 2 times (x 82B)
Class org.jetbrains.kotlin.metadata.ProtoBuf$VersionRequirementTable                  : loaded 2 times (x 107B)
Class org.jetbrains.kotlin.protobuf.LazyField                                         : loaded 2 times (x 83B)
Class org.jetbrains.kotlin.load.kotlin.header.ReadKotlinClassHeaderAnnotationVisitor  : loaded 2 times (x 80B)
Class kotlin.sequences.SequencesKt__SequencesJVMKt                                    : loaded 2 times (x 71B)
Class kotlin.collections.AbstractList                                                 : loaded 2 times (x 197B)
Class kotlin.collections.AbstractCollection                                           : loaded 2 times (x 117B)
Class jdk.internal.jimage.ImageReader$Directory                                       : loaded 2 times (x 84B)
Class org.jetbrains.kotlin.metadata.ProtoBuf$Expression$ConstantValue$1               : loaded 2 times (x 74B)
Class org.jetbrains.kotlin.descriptors.DescriptorVisibilities$10                      : loaded 2 times (x 76B)
Class kotlin.collections.ArrayAsCollection                                            : loaded 2 times (x 105B)
Class org.jetbrains.kotlin.metadata.ProtoBuf$TypeParameter$1                          : loaded 2 times (x 144B)
Class org.jetbrains.org.objectweb.asm.tree.LineNumberNode                             : loaded 2 times (x 79B)
Class kotlin.LazyKt__LazyKt                                                           : loaded 2 times (x 71B)
Class kotlin.text.StringsKt__StringBuilderJVMKt                                       : loaded 2 times (x 71B)
Class org.jetbrains.kotlin.com.google.common.base.Function                            : loaded 2 times (x 70B)
Class org.jetbrains.kotlin.descriptors.DescriptorVisibilities$11                      : loaded 2 times (x 76B)
Class org.jetbrains.kotlin.metadata.deserialization.BinaryVersion$Companion           : loaded 2 times (x 71B)
Class kotlin.UNINITIALIZED_VALUE                                                      : loaded 2 times (x 71B)
Class org.jetbrains.kotlin.buildtools.api.CompilationService                          : loaded 2 times (x 70B)
Class org.gradle.internal.classloader.VisitableURLClassLoader$InstrumentingVisitableURLClassLoader: loaded 2 times (x 123B)
Class org.jetbrains.kotlin.descriptors.DescriptorVisibilities$12                      : loaded 2 times (x 76B)
Class org.jetbrains.kotlin.metadata.ProtoBuf$ClassOrBuilder                           : loaded 2 times (x 70B)
Class org.jetbrains.kotlin.metadata.ProtoBuf$ValueParameter                           : loaded 2 times (x 133B)
Class kotlin.comparisons.ComparisonsKt__ComparisonsKt                                 : loaded 2 times (x 71B)
Class kotlin.ranges.RangesKt__RangesKt                                                : loaded 2 times (x 71B)
Class kotlin.collections.SetsKt___SetsKt                                              : loaded 2 times (x 71B)
Class kotlin.sequences.SequencesKt__SequencesKt                                       : loaded 2 times (x 71B)
Class org.gradle.internal.classloader.VisitableURLClassLoader$Spec                    : loaded 2 times (x 74B)
Class org.gradle.internal.classpath.DefaultClassPath                                  : loaded 2 times (x 90B)
Class org.jetbrains.kotlin.metadata.ProtoBuf$TypeAlias$1                              : loaded 2 times (x 144B)
Class org.jetbrains.org.objectweb.asm.Handler                                         : loaded 2 times (x 72B)
Class org.jetbrains.kotlin.incremental.DifferenceCalculator                           : loaded 2 times (x 73B)
Class org.jetbrains.kotlin.metadata.ProtoBuf$Annotation$Argument$ValueOrBuilder       : loaded 2 times (x 70B)
Class org.jetbrains.kotlin.incremental.impl.ExtraClassInfoGenerator                   : loaded 2 times (x 73B)
Class org.jetbrains.kotlin.com.intellij.util.io.DataExternalizer                      : loaded 2 times (x 70B)
Class kotlin.comparisons.ComparisonsKt                                                : loaded 2 times (x 71B)
Class kotlin.comparisons.ComparisonsKt___ComparisonsKt                                : loaded 2 times (x 71B)
Class kotlin.sequences.FilteringSequence                                              : loaded 2 times (x 75B)
Class org.jetbrains.kotlin.metadata.ProtoBuf$TypeParameter$Variance$1                 : loaded 2 times (x 74B)
Class jdk.internal.jimage.decompressor.ZipDecompressorFactory                         : loaded 2 times (x 74B)
Class org.jetbrains.kotlin.metadata.ProtoBuf$Effect$1                                 : loaded 2 times (x 144B)
Class org.jetbrains.kotlin.metadata.ProtoBuf$Visibility                               : loaded 2 times (x 82B)
Class org.jetbrains.kotlin.metadata.ProtoBuf$ConstructorOrBuilder                     : loaded 2 times (x 70B)
Class org.jetbrains.kotlin.metadata.jvm.JvmProtoBuf                                   : loaded 2 times (x 71B)
Class org.jetbrains.kotlin.metadata.jvm.deserialization.JvmMemberSignature$Field      : loaded 2 times (x 75B)
Class org.gradle.internal.classloader.ClassLoaderSpec                                 : loaded 2 times (x 71B)
Class kotlin.jvm.internal.FunctionReferenceImpl                                       : loaded 2 times (x 122B)
Class org.jetbrains.kotlin.descriptors.DeclarationDescriptorWithVisibility            : loaded 2 times (x 70B)
Class org.jetbrains.kotlin.protobuf.SmallSortedMap                                    : loaded 2 times (x 130B)
Class org.jetbrains.org.objectweb.asm.tree.AbstractInsnNode                           : loaded 2 times (x 78B)
Class org.jetbrains.org.objectweb.asm.tree.InnerClassNode                             : loaded 2 times (x 73B)
Class kotlin.collections.CollectionsKt___CollectionsJvmKt                             : loaded 2 times (x 71B)
Class org.jetbrains.kotlin.protobuf.SmallSortedMap$EmptySet                           : loaded 2 times (x 71B)
Class org.jetbrains.kotlin.protobuf.MessageLite                                       : loaded 2 times (x 70B)
Class kotlin.Unit                                                                     : loaded 2 times (x 71B)
Class kotlin.TuplesKt                                                                 : loaded 2 times (x 71B)
Class org.jetbrains.kotlin.incremental.IncrementalJvmCacheKt                          : loaded 2 times (x 71B)
Class org.jetbrains.kotlin.load.kotlin.header.KotlinClassHeader$Kind$Companion        : loaded 2 times (x 71B)
Class org.jetbrains.kotlin.incremental.classpathDiff.impl.InlinedClassSnapshotter     : loaded 2 times (x 75B)
Class kotlin.sequences.SequencesKt___SequencesJvmKt                                   : loaded 2 times (x 71B)
Class Settings_gradle$1$1                                                             : loaded 2 times (x 74B)
Class org.jetbrains.kotlin.cli.common.ModuleVisibilityHelperImpl                      : loaded 2 times (x 74B)
Class org.jetbrains.kotlin.incremental.classpathDiff.impl.PrefixBasedSnapshotter$special$$inlined$sortedBy$1: loaded 2 times (x 89B)
Class kotlin.ranges.RangesKt                                                          : loaded 2 times (x 71B)
Class org.gradle.internal.classloader.VisitableURLClassLoader                         : loaded 2 times (x 117B)
Class org.jetbrains.kotlin.inline.InlineFunction                                      : loaded 2 times (x 75B)
Class kotlin.collections.ArraysUtilJVM                                                : loaded 2 times (x 71B)
Class kotlin.jvm.functions.Function0                                                  : loaded 2 times (x 70B)
Class Settings_gradle                                                                 : loaded 2 times (x 124B)
Class org.gradle.internal.Cast                                                        : loaded 2 times (x 71B)
Class org.gradle.api.Action                                                           : loaded 2 times (x 70B)
Class [Lorg.jetbrains.kotlin.metadata.ProtoBuf$VersionRequirement$VersionKind;        : loaded 2 times (x 69B)
Class org.jetbrains.kotlin.protobuf.CodedOutputStream                                 : loaded 2 times (x 72B)
Class org.jetbrains.kotlin.metadata.ProtoBuf$Annotation                               : loaded 2 times (x 109B)
Class org.jetbrains.org.objectweb.asm.tree.TypeInsnNode                               : loaded 2 times (x 78B)
Class kotlin.jvm.functions.Function1                                                  : loaded 2 times (x 70B)
Class jdk.internal.jimage.decompressor.ZipDecompressor                                : loaded 2 times (x 75B)
Class org.jetbrains.kotlin.incremental.impl.InstanceOwnerRecordingClassVisitor$visitMethod$1: loaded 2 times (x 105B)
Class [Lorg.jetbrains.kotlin.metadata.jvm.JvmProtoBuf$StringTableTypes$Record$Operation;: loaded 2 times (x 69B)
Class [Lorg.jetbrains.kotlin.load.kotlin.header.KotlinClassHeader$Kind;               : loaded 2 times (x 69B)
Class kotlin.jvm.functions.Function2                                                  : loaded 2 times (x 70B)
Class org.gradle.internal.classpath.DefaultClassPath$ImmutableUniqueList$Builder      : loaded 2 times (x 75B)
Class org.jetbrains.kotlin.serialization.deserialization.ProtoEnumFlags               : loaded 2 times (x 71B)
Class org.jetbrains.kotlin.protobuf.Internal$EnumLite                                 : loaded 2 times (x 70B)
Class org.jetbrains.kotlin.incremental.classpathDiff.PackageFacadeKotlinClassSnapshot : loaded 2 times (x 76B)
Class kotlin.jvm.functions.Function3                                                  : loaded 2 times (x 70B)
Class kotlin.collections.MapsKt___MapsJvmKt                                           : loaded 2 times (x 71B)
Class org.jetbrains.kotlin.incremental.classpathDiff.impl.ClassListSnapshotterWithInlinedClassSupport: loaded 2 times (x 75B)
Class org.jetbrains.kotlin.incremental.impl.ConstantValueExternalizer                 : loaded 2 times (x 76B)
Class org.jetbrains.kotlin.protobuf.RopeByteString                                    : loaded 2 times (x 110B)
Class kotlin.collections.EmptySet                                                     : loaded 2 times (x 122B)
Class org.jetbrains.kotlin.metadata.jvm.deserialization.JvmNameResolverBase           : loaded 2 times (x 80B)
Class org.jetbrains.org.objectweb.asm.tree.IincInsnNode                               : loaded 2 times (x 78B)
Class org.jetbrains.org.objectweb.asm.tree.MultiANewArrayInsnNode                     : loaded 2 times (x 79B)
Class org.jetbrains.kotlin.incremental.classpathDiff.impl.BasicClassInfo$Companion    : loaded 2 times (x 71B)
Class org.jetbrains.kotlin.incremental.classpathDiff.impl.ClassMultiHashProvider      : loaded 2 times (x 70B)
Class kotlin.collections.CollectionsKt___CollectionsKt                                : loaded 2 times (x 71B)
Class org.jetbrains.kotlin.cli.common.arguments.K2JVMCompilerArguments                : loaded 2 times (x 76B)
Class org.gradle.api.GradleException                                                  : loaded 2 times (x 82B)
Class org.jetbrains.kotlin.incremental.PackagePartProtoData                           : loaded 2 times (x 72B)
Class kotlin.reflect.KDeclarationContainer                                            : loaded 2 times (x 70B)
Class org.jetbrains.org.objectweb.asm.SymbolTable$Entry                               : loaded 2 times (x 74B)
Class org.jetbrains.org.objectweb.asm.tree.LocalVariableAnnotationNode                : loaded 2 times (x 82B)
Class org.jetbrains.kotlin.metadata.deserialization.BinaryVersion                     : loaded 2 times (x 74B)
Class kotlin.text.StringsKt___StringsJvmKt                                            : loaded 2 times (x 71B)
Class jdk.internal.jimage.ImageStrings                                                : loaded 2 times (x 70B)
Class org.jetbrains.kotlin.metadata.ProtoBuf$EnumEntry$1                              : loaded 2 times (x 144B)
Class org.jetbrains.kotlin.metadata.ProtoBuf$Type$Argument$Projection                 : loaded 2 times (x 82B)
Class org.jetbrains.org.objectweb.asm.tree.InvokeDynamicInsnNode                      : loaded 2 times (x 78B)
Class kotlin.collections.MapsKt___MapsKt                                              : loaded 2 times (x 71B)
Class kotlin.io.FilesKt                                                               : loaded 2 times (x 71B)
Class kotlin.collections.ArraysKt___ArraysKt                                          : loaded 2 times (x 71B)
Class org.jetbrains.kotlin.incremental.classpathDiff.impl.PrefixBasedSnapshotter$getRangeByPredicate$1$iterator$1$special$$inlined$binarySearchBy$default$1: loaded 2 times (x 75B)
Class org.jetbrains.kotlin.incremental.classpathDiff.impl.PrefixBasedSnapshotter$getRangeByPredicate$1$iterator$1: loaded 2 times (x 79B)
Class org.jetbrains.kotlin.metadata.jvm.JvmProtoBuf$JvmPropertySignature$Builder      : loaded 2 times (x 141B)
Class [Lorg.jetbrains.org.objectweb.asm.Symbol;                                       : loaded 2 times (x 69B)
Class kotlin.collections.MapsKt__MapWithDefaultKt                                     : loaded 2 times (x 71B)
Class org.jetbrains.kotlin.cli.common.arguments.CommonCompilerArguments               : loaded 2 times (x 75B)
Class org.jetbrains.kotlin.incremental.ProtoData                                      : loaded 2 times (x 71B)
Class org.jetbrains.kotlin.metadata.ProtoBuf$VersionRequirementTable$1                : loaded 2 times (x 144B)
Class org.jetbrains.kotlin.metadata.ProtoBuf$Contract                                 : loaded 2 times (x 107B)
Class kotlin.collections.CollectionsKt__MutableCollectionsJVMKt                       : loaded 2 times (x 71B)
Class kotlin.enums.EnumEntriesKt                                                      : loaded 2 times (x 71B)
Class kotlin.text.StringsKt___StringsKt                                               : loaded 2 times (x 71B)
Class org.gradle.internal.IoActions                                                   : loaded 2 times (x 71B)
Class org.jetbrains.kotlin.metadata.jvm.deserialization.JvmNameResolverBase$WhenMappings: loaded 2 times (x 71B)
Class org.jetbrains.kotlin.descriptors.Visibilities$Local                             : loaded 2 times (x 79B)
Class org.jetbrains.kotlin.incremental.ProtoDifferenceUtilsKt                         : loaded 2 times (x 71B)
Class org.jetbrains.kotlin.protobuf.WireFormat                                        : loaded 2 times (x 71B)
Class org.jetbrains.kotlin.metadata.jvm.deserialization.BitEncoding                   : loaded 2 times (x 71B)
Class [Lorg.jetbrains.kotlin.com.intellij.util.io.DataExternalizer;                   : loaded 2 times (x 69B)
Class org.jetbrains.org.objectweb.asm.Attribute                                       : loaded 2 times (x 75B)
Class org.jetbrains.org.objectweb.asm.Label                                           : loaded 2 times (x 72B)
Class org.gradle.internal.classloader.SystemClassLoaderSpec                           : loaded 2 times (x 71B)
Class [Lorg.jetbrains.kotlin.metadata.ProtoBuf$Effect$EffectType;                     : loaded 2 times (x 69B)
Class kotlin.reflect.KAnnotatedElement                                                : loaded 2 times (x 70B)
Class org.jetbrains.org.objectweb.asm.Frame                                           : loaded 2 times (x 73B)
Class org.jetbrains.kotlin.incremental.classpathDiff.DirectoryOrJarReader$Companion   : loaded 2 times (x 71B)
Class kotlin.jvm.internal.Intrinsics                                                  : loaded 2 times (x 71B)
Class org.jetbrains.kotlin.incremental.KotlinClassInfo                                : loaded 2 times (x 72B)
Class org.jetbrains.kotlin.metadata.ProtoBuf$Type$Argument                            : loaded 2 times (x 110B)
Class org.jetbrains.org.objectweb.asm.tree.ClassNode                                  : loaded 2 times (x 91B)
Class org.jetbrains.kotlin.load.kotlin.FileBasedKotlinClass$InnerClassesInfo          : loaded 2 times (x 74B)
Class kotlin.collections.MapsKt                                                       : loaded 2 times (x 71B)
Class kotlin.collections.CollectionsKt__IterablesKt                                   : loaded 2 times (x 71B)
Class jdk.internal.jrtfs.JrtFileSystem                                                : loaded 2 times (x 102B)
Class org.jetbrains.kotlin.resolve.scopes.receivers.Receiver                          : loaded 2 times (x 70B)
Class org.jetbrains.kotlin.metadata.ProtoBuf$Modality$1                               : loaded 2 times (x 74B)
Class org.jetbrains.org.objectweb.asm.tree.TypeAnnotationNode                         : loaded 2 times (x 81B)
Class kotlin.KotlinNullPointerException                                               : loaded 2 times (x 83B)
Class jdk.internal.jimage.decompressor.CompressedResourceHeader                       : loaded 2 times (x 71B)
Class org.jetbrains.kotlin.metadata.ProtoBuf$VersionRequirement                       : loaded 2 times (x 116B)
Class kotlin.ranges.RangesKt___RangesKt                                               : loaded 2 times (x 71B)
Class org.jetbrains.org.objectweb.asm.Opcodes                                         : loaded 2 times (x 70B)
Class org.jetbrains.kotlin.descriptors.annotations.Annotated                          : loaded 2 times (x 70B)
Class org.jetbrains.kotlin.incremental.DifferenceCalculatorForPackageFacade           : loaded 2 times (x 74B)
Class org.jetbrains.kotlin.com.intellij.openapi.diagnostic.Attachment                 : loaded 2 times (x 72B)
Class [Lorg.jetbrains.org.objectweb.asm.AnnotationVisitor;                            : loaded 2 times (x 69B)
Class org.jetbrains.kotlin.descriptors.SourceElement$1                                : loaded 2 times (x 74B)
Class kotlin.collections.ArraysKt                                                     : loaded 2 times (x 71B)
Class org.jetbrains.kotlin.cli.common.arguments.CommonToolArguments                   : loaded 2 times (x 73B)
Class org.jetbrains.kotlin.metadata.ProtoBuf$Expression$1                             : loaded 2 times (x 144B)
Class org.jetbrains.kotlin.descriptors.DescriptorVisibility                           : loaded 2 times (x 78B)
Class org.jetbrains.kotlin.incremental.classpathDiff.RegularKotlinClassSnapshot       : loaded 2 times (x 76B)
Class org.jetbrains.kotlin.incremental.impl.ClassNodeSnapshotter                      : loaded 2 times (x 71B)
Class kotlin.collections.SetsKt__SetsKt                                               : loaded 2 times (x 71B)
Class kotlin.LazyKt                                                                   : loaded 2 times (x 71B)
Class org.jetbrains.kotlin.metadata.ProtoBuf$ExpressionOrBuilder                      : loaded 2 times (x 70B)
Class org.jetbrains.kotlin.incremental.classpathDiff.impl.SingleClassSnapshotter$WhenMappings: loaded 2 times (x 71B)
Class [Lorg.jetbrains.kotlin.metadata.ProtoBuf$Type$Argument$Projection;              : loaded 2 times (x 69B)
Class org.jetbrains.kotlin.incremental.classpathDiff.JavaClassSnapshot                : loaded 2 times (x 75B)
Class org.jetbrains.org.objectweb.asm.RecordComponentWriter                           : loaded 2 times (x 78B)
Class kotlin.collections.ArraysKt__ArraysJVMKt                                        : loaded 2 times (x 71B)
Class org.jetbrains.kotlin.metadata.ProtoBuf$EnumEntryOrBuilder                       : loaded 2 times (x 70B)
Class kotlin.jvm.internal.CallableReference$NoReceiver                                : loaded 2 times (x 71B)
Class org.jetbrains.kotlin.descriptors.ValidateableDescriptor                         : loaded 2 times (x 70B)
Class org.jetbrains.kotlin.incremental.impl.InstanceOwnerRecordingClassVisitor        : loaded 2 times (x 88B)
Class org.jetbrains.kotlin.metadata.jvm.JvmProtoBuf$JvmPropertySignature$1            : loaded 2 times (x 144B)
Class org.jetbrains.org.objectweb.asm.MethodWriter                                    : loaded 2 times (x 106B)
Class kotlin.text.StringsKt__StringBuilderKt                                          : loaded 2 times (x 71B)
Class org.gradle.api.internal.classpath.GlobalCacheRootsProvider                      : loaded 2 times (x 70B)
Class org.jetbrains.kotlin.incremental.storage.FqNameExternalizer                     : loaded 2 times (x 75B)
Class kotlin.Lazy                                                                     : loaded 2 times (x 70B)
Class kotlin.NoWhenBranchMatchedException                                             : loaded 2 times (x 82B)
Class [Lorg.jetbrains.kotlin.metadata.ProtoBuf$Expression$ConstantValue;              : loaded 2 times (x 69B)
Class org.jetbrains.kotlin.metadata.ProtoBuf$Effect                                   : loaded 2 times (x 115B)
Class org.jetbrains.kotlin.incremental.storage.ClassIdExternalizer                    : loaded 2 times (x 75B)
Class org.jetbrains.org.objectweb.asm.tree.InsnNode                                   : loaded 2 times (x 78B)
Class [Lkotlin.jvm.functions.Function1;                                               : loaded 2 times (x 69B)
Class org.jetbrains.org.objectweb.asm.RecordComponentVisitor                          : loaded 2 times (x 77B)
Class org.jetbrains.kotlin.descriptors.Visibility                                     : loaded 2 times (x 79B)
Class org.jetbrains.kotlin.protobuf.RopeByteString$RopeInputStream                    : loaded 2 times (x 92B)
Class org.jetbrains.kotlin.protobuf.CodedInputStream                                  : loaded 2 times (x 72B)
Class org.jetbrains.kotlin.incremental.storage.NullableValueExternalizer              : loaded 2 times (x 76B)
Class org.jetbrains.org.objectweb.asm.MethodTooLargeException                         : loaded 2 times (x 83B)
Class org.jetbrains.org.objectweb.asm.Context                                         : loaded 2 times (x 72B)
Class kotlin.sequences.ConstrainedOnceSequence                                        : loaded 2 times (x 75B)
Class org.jetbrains.kotlin.mpp.DeclarationSymbolMarker                                : loaded 2 times (x 70B)
Class org.jetbrains.kotlin.protobuf.MessageLite$Builder                               : loaded 2 times (x 70B)
Class org.jetbrains.org.objectweb.asm.CurrentFrame                                    : loaded 2 times (x 73B)
Class kotlin.jvm.internal.markers.KMappedMarker                                       : loaded 2 times (x 70B)
Class Build_gradle                                                                    : loaded 2 times (x 126B)
Class org.gradle.internal.installation.CurrentGradleInstallationLocator               : loaded 2 times (x 71B)
Class org.jetbrains.kotlin.metadata.ProtoBuf$VersionRequirement$Level$1               : loaded 2 times (x 74B)
Class org.jetbrains.kotlin.protobuf.FieldSet$1                                        : loaded 2 times (x 71B)
Class org.jetbrains.kotlin.com.intellij.openapi.util.ThreadLocalCachedValue           : loaded 2 times (x 75B)
Class org.jetbrains.org.objectweb.asm.tree.LdcInsnNode                                : loaded 2 times (x 78B)
Class org.jetbrains.kotlin.incremental.classpathDiff.ClasspathEntrySnapshotter        : loaded 2 times (x 71B)
Class org.gradle.internal.service.DefaultServiceLocator                               : loaded 2 times (x 83B)
Class org.jetbrains.kotlin.metadata.ProtoBuf$Class$Kind$1                             : loaded 2 times (x 74B)
Class org.jetbrains.kotlin.protobuf.SmallSortedMap$Entry                              : loaded 2 times (x 88B)
Class org.jetbrains.kotlin.metadata.ProtoBuf$Package$1                                : loaded 2 times (x 144B)
Class org.jetbrains.org.objectweb.asm.SymbolTable                                     : loaded 2 times (x 72B)
Class org.jetbrains.org.objectweb.asm.tree.UnsupportedClassVersionException           : loaded 2 times (x 82B)
Class org.jetbrains.org.objectweb.asm.tree.RecordComponentNode                        : loaded 2 times (x 79B)
Class org.jetbrains.kotlin.name.FqName$Companion                                      : loaded 2 times (x 71B)
Class org.jetbrains.kotlin.util.capitalizeDecapitalize.CapitalizeDecapitalizeKt       : loaded 2 times (x 71B)
Class org.gradle.internal.installation.CurrentGradleInstallation                      : loaded 2 times (x 73B)
Class org.jetbrains.kotlin.metadata.ProtoBuf$Annotation$ArgumentOrBuilder             : loaded 2 times (x 70B)
Class org.jetbrains.kotlin.protobuf.FieldSet$FieldDescriptorLite                      : loaded 2 times (x 70B)
Class org.jetbrains.kotlin.protobuf.AbstractMessageLite                               : loaded 2 times (x 98B)
Class org.jetbrains.org.objectweb.asm.ModuleWriter                                    : loaded 2 times (x 82B)
Class org.jetbrains.kotlin.incremental.classpathDiff.JarReader                        : loaded 2 times (x 82B)
Class org.gradle.util.internal.GUtil                                                  : loaded 2 times (x 71B)
Class org.jetbrains.kotlin.metadata.jvm.JvmProtoBuf$StringTableTypes$Record           : loaded 2 times (x 119B)
Class org.jetbrains.kotlin.protobuf.FieldSet                                          : loaded 2 times (x 72B)
Class [Lorg.jetbrains.org.objectweb.asm.Label;                                        : loaded 2 times (x 69B)
Class kotlin.io.NoSuchFileException                                                   : loaded 2 times (x 82B)
Class kotlin.collections.CollectionsKt                                                : loaded 2 times (x 71B)
Class org.jetbrains.kotlin.incremental.DifferenceCalculatorForPackageFacade$Companion : loaded 2 times (x 71B)
Class [Lorg.jetbrains.kotlin.metadata.ProtoBuf$MemberKind;                            : loaded 2 times (x 69B)
Class org.jetbrains.kotlin.metadata.ProtoBuf$Package                                  : loaded 2 times (x 129B)
Class org.jetbrains.kotlin.metadata.ProtoBuf$Annotation$Argument$Value$Type$1         : loaded 2 times (x 74B)
Class org.jetbrains.kotlin.metadata.ProtoBuf$TypeTableOrBuilder                       : loaded 2 times (x 70B)
Class org.jetbrains.kotlin.metadata.ProtoBuf$TypeOrBuilder                            : loaded 2 times (x 70B)
Class org.jetbrains.kotlin.buildtools.internal.CompilationServiceImpl                 : loaded 2 times (x 81B)
Class org.gradle.internal.installation.GradleInstallation                             : loaded 2 times (x 75B)
Class org.jetbrains.kotlin.metadata.deserialization.ProtoTypeTableUtilKt              : loaded 2 times (x 71B)
Class [Lorg.jetbrains.kotlin.descriptors.DescriptorVisibility;                        : loaded 2 times (x 69B)
Class org.jetbrains.kotlin.incremental.storage.InlineFunctionOrAccessorExternalizer   : loaded 2 times (x 76B)
Class org.jetbrains.kotlin.incremental.classpathDiff.impl.ClassFileWithContentsProvider: loaded 2 times (x 72B)
Class kotlin.collections.CollectionsKt__IteratorsJVMKt$iterator$1                     : loaded 2 times (x 79B)
Class jdk.internal.jimage.decompressor.ResourceDecompressor$StringsProvider           : loaded 2 times (x 70B)
Class org.jetbrains.kotlin.metadata.ProtoBuf$Annotation$Builder                       : loaded 2 times (x 136B)
Class kotlin.jvm.KotlinReflectionNotSupportedError                                    : loaded 2 times (x 82B)
Class org.jetbrains.kotlin.metadata.jvm.JvmProtoBuf$StringTableTypes$Record$Operation : loaded 2 times (x 82B)
Class org.jetbrains.kotlin.com.intellij.openapi.diagnostic.DefaultLogger              : loaded 2 times (x 100B)

---------------  S Y S T E M  ---------------

OS:
 Windows 10 , 64 bit Build 19041 (10.0.19041.5915)
OS uptime: 0 days 0:13 hours
Hyper-V role detected

CPU: total 8 (initial active 8) (4 cores per cpu, 2 threads per core) family 6 model 165 stepping 3 microcode 0xe0, cx8, cmov, fxsr, ht, mmx, 3dnowpref, sse, sse2, sse3, ssse3, sse4.1, sse4.2, popcnt, lzcnt, tsc, tscinvbit, avx, avx2, aes, erms, clmul, bmi1, bmi2, adx, fma, vzeroupper, clflush, clflushopt, hv, rdtscp, f16c
Processor Information for the first 8 processors :
  Max Mhz: 3000, Current Mhz: 3000, Mhz Limit: 3000

Memory: 4k page, system-wide physical 8003M (796M free)
TotalPageFile size 8283M (AvailPageFile size 25M)
current process WorkingSet (physical memory assigned to process): 1181M, peak: 1181M
current process commit charge ("private bytes"): 1220M, peak: 1316M

vm_info: OpenJDK 64-Bit Server VM (21.0.10+-14961533-b1163.108) for windows-amd64 JRE (21.0.10+-14961533-b1163.108), built on 2026-03-02T19:58:50Z by "builder" with MS VC++ 16.10 / 16.11 (VS2019)

END.
